-- phpMyAdmin SQL Dump
-- version 5.2.1
-- https://www.phpmyadmin.net/
--
-- Host: 127.0.0.1
-- Generation Time: Dec 03, 2025 at 11:22 AM
-- Server version: 10.4.32-MariaDB
-- PHP Version: 8.2.12

SET SQL_MODE = "NO_AUTO_VALUE_ON_ZERO";
START TRANSACTION;
SET time_zone = "+00:00";


/*!40101 SET @OLD_CHARACTER_SET_CLIENT=@@CHARACTER_SET_CLIENT */;
/*!40101 SET @OLD_CHARACTER_SET_RESULTS=@@CHARACTER_SET_RESULTS */;
/*!40101 SET @OLD_COLLATION_CONNECTION=@@COLLATION_CONNECTION */;
/*!40101 SET NAMES utf8mb4 */;

--
-- Database: `test1`
--

-- --------------------------------------------------------

--
-- Table structure for table `activity_recommendations`
--

CREATE TABLE `activity_recommendations` (
  `id` bigint(20) UNSIGNED NOT NULL,
  `MSSV` varchar(255) NOT NULL,
  `MaHoatDong` varchar(255) NOT NULL,
  `activity_type` varchar(255) DEFAULT NULL,
  `recommendation_score` decimal(8,4) NOT NULL DEFAULT 0.0000,
  `recommendation_reason` varchar(255) DEFAULT NULL,
  `priority` int(11) NOT NULL DEFAULT 0,
  `recommended_at` timestamp NOT NULL DEFAULT current_timestamp(),
  `viewed_at` timestamp NULL DEFAULT NULL,
  `created_at` timestamp NOT NULL DEFAULT current_timestamp(),
  `updated_at` timestamp NOT NULL DEFAULT current_timestamp()
) ENGINE=InnoDB DEFAULT CHARSET=utf8mb4 COLLATE=utf8mb4_unicode_ci;

--
-- Dumping data for table `activity_recommendations`
--

INSERT INTO `activity_recommendations` (`id`, `MSSV`, `MaHoatDong`, `activity_type`, `recommendation_score`, `recommendation_reason`, `priority`, `recommended_at`, `viewed_at`, `created_at`, `updated_at`) VALUES
(1, '2001223001', 'CTXH_QK_004', 'ctxh', 63.1300, 'Được 6 thành viên khác tham gia. Match sở thích 50%', 0, '2025-12-01 16:53:01', NULL, '2025-12-01 16:53:01', '2025-12-01 16:53:01'),
(2, '2001223001', 'CTXH_QK_005', 'ctxh', 50.0000, 'Được 4 thành viên khác tham gia', 0, '2025-12-01 16:53:01', NULL, '2025-12-01 16:53:01', '2025-12-01 16:53:01'),
(3, '2001223002', 'DRL_TL_002', 'drl', 70.0000, 'Hoạt động phù hợp với sở thích của bạn (Match 100%)', 0, '2025-12-01 16:53:01', NULL, '2025-12-01 16:53:01', '2025-12-01 16:53:01'),
(4, '2001223002', 'DRL_QK_002', 'drl', 70.0000, 'Hoạt động phù hợp với sở thích của bạn (Match 100%)', 0, '2025-12-01 16:53:01', NULL, '2025-12-01 16:53:01', '2025-12-01 16:53:01'),
(5, '2001223002', 'CTXH_QK_002', 'ctxh', 50.0000, 'Được 3 thành viên khác tham gia', 0, '2025-12-01 16:53:01', NULL, '2025-12-01 16:53:01', '2025-12-01 16:53:01'),
(6, '2001223002', 'CTXH_QK_005', 'ctxh', 50.0000, 'Được 3 thành viên khác tham gia', 0, '2025-12-01 16:53:01', NULL, '2025-12-01 16:53:01', '2025-12-01 16:53:01'),
(7, '2001223002', 'CTXH_TL_005', 'ctxh', 70.0000, 'Hoạt động phù hợp với sở thích của bạn (Match 100%)', 0, '2025-12-01 16:53:01', NULL, '2025-12-01 16:53:01', '2025-12-01 16:53:01'),
(8, '2001223003', 'DRL_TL_002', 'drl', 70.0000, 'Hoạt động phù hợp với sở thích của bạn (Match 100%)', 0, '2025-12-01 16:53:01', NULL, '2025-12-01 16:53:01', '2025-12-01 16:53:01'),
(9, '2001223003', 'DRL_QK_002', 'drl', 70.0000, 'Hoạt động phù hợp với sở thích của bạn (Match 100%)', 0, '2025-12-01 16:53:01', NULL, '2025-12-01 16:53:01', '2025-12-01 16:53:01'),
(10, '2001223003', 'CTXH_QK_002', 'ctxh', 50.0000, 'Được 3 thành viên khác tham gia', 0, '2025-12-01 16:53:01', NULL, '2025-12-01 16:53:01', '2025-12-01 16:53:01'),
(11, '2001223003', 'CTXH_QK_005', 'ctxh', 50.0000, 'Được 3 thành viên khác tham gia', 0, '2025-12-01 16:53:01', NULL, '2025-12-01 16:53:01', '2025-12-01 16:53:01'),
(12, '2001223004', 'DRL_TL_002', 'drl', 70.0000, 'Hoạt động phù hợp với sở thích của bạn (Match 100%)', 0, '2025-12-01 16:53:01', NULL, '2025-12-01 16:53:01', '2025-12-01 16:53:01'),
(13, '2001223004', 'DRL_QK_002', 'drl', 70.0000, 'Hoạt động phù hợp với sở thích của bạn (Match 100%)', 0, '2025-12-01 16:53:01', NULL, '2025-12-01 16:53:01', '2025-12-01 16:53:01'),
(14, '2001223004', 'CTXH_QK_002', 'ctxh', 50.0000, 'Được 3 thành viên khác tham gia', 0, '2025-12-01 16:53:01', NULL, '2025-12-01 16:53:01', '2025-12-01 16:53:01'),
(15, '2001223004', 'CTXH_QK_004', 'ctxh', 63.1300, 'Được 3 thành viên khác tham gia. Match sở thích 50%', 0, '2025-12-01 16:53:01', NULL, '2025-12-01 16:53:01', '2025-12-01 16:53:01'),
(16, '2001223005', 'DRL_TL_003', 'drl', 70.0000, 'Hoạt động phù hợp với sở thích của bạn (Match 100%)', 0, '2025-12-01 16:53:01', NULL, '2025-12-01 16:53:01', '2025-12-01 16:53:01'),
(17, '2001223005', 'DRL_TL_002', 'drl', 70.0000, 'Hoạt động phù hợp với sở thích của bạn (Match 100%)', 0, '2025-12-01 16:53:01', NULL, '2025-12-01 16:53:01', '2025-12-01 16:53:01'),
(18, '2001223005', 'DRL_QK_002', 'drl', 70.0000, 'Hoạt động phù hợp với sở thích của bạn (Match 100%)', 0, '2025-12-01 16:53:01', NULL, '2025-12-01 16:53:01', '2025-12-01 16:53:01'),
(19, '2001223005', 'CTXH_QK_002', 'ctxh', 50.0000, 'Được 3 thành viên khác tham gia', 0, '2025-12-01 16:53:01', NULL, '2025-12-01 16:53:01', '2025-12-01 16:53:01'),
(20, '2001223005', 'CTXH_QK_004', 'ctxh', 50.0000, 'Được 3 thành viên khác tham gia', 0, '2025-12-01 16:53:01', NULL, '2025-12-01 16:53:01', '2025-12-01 16:53:01'),
(21, '2001223006', 'DRL_QK_001', 'drl', 60.0000, 'Được 14 thành viên khác tham gia. Match sở thích 50%', 0, '2025-12-01 16:53:01', NULL, '2025-12-01 16:53:01', '2025-12-01 16:53:01'),
(22, '2001223006', 'DRL_QK_002', 'drl', 50.0000, 'Được 3 thành viên khác tham gia. Match sở thích 50%', 0, '2025-12-01 16:53:01', NULL, '2025-12-01 16:53:01', '2025-12-01 16:53:01'),
(23, '2001223006', 'CTXH_QK_004', 'ctxh', 63.1300, 'Được 6 thành viên khác tham gia. Match sở thích 50%', 0, '2025-12-01 16:53:01', NULL, '2025-12-01 16:53:01', '2025-12-01 16:53:01'),
(24, '2001223006', 'CTXH_QK_005', 'ctxh', 54.5000, 'Được 4 thành viên khác tham gia. Match sở thích 50%', 0, '2025-12-01 16:53:01', NULL, '2025-12-01 16:53:01', '2025-12-01 16:53:01'),
(25, '2001223006', 'CTXH_QK_001', 'ctxh', 50.0000, 'Được 3 thành viên khác tham gia. Match sở thích 50%', 0, '2025-12-01 16:53:01', NULL, '2025-12-01 16:53:01', '2025-12-01 16:53:01'),
(26, '2001223007', 'DRL_QK_001', 'drl', 60.0000, 'Được 14 thành viên khác tham gia. Match sở thích 50%', 0, '2025-12-01 16:53:01', NULL, '2025-12-01 16:53:01', '2025-12-01 16:53:01'),
(27, '2001223007', 'DRL_QK_002', 'drl', 50.0000, 'Được 3 thành viên khác tham gia. Match sở thích 50%', 0, '2025-12-01 16:53:01', NULL, '2025-12-01 16:53:01', '2025-12-01 16:53:01'),
(28, '2001223007', 'CTXH_QK_004', 'ctxh', 63.1300, 'Được 6 thành viên khác tham gia. Match sở thích 50%', 0, '2025-12-01 16:53:01', NULL, '2025-12-01 16:53:01', '2025-12-01 16:53:01'),
(29, '2001223007', 'CTXH_QK_005', 'ctxh', 54.5000, 'Được 4 thành viên khác tham gia. Match sở thích 50%', 0, '2025-12-01 16:53:01', NULL, '2025-12-01 16:53:01', '2025-12-01 16:53:01'),
(30, '2001223007', 'CTXH_QK_001', 'ctxh', 50.0000, 'Được 3 thành viên khác tham gia. Match sở thích 50%', 0, '2025-12-01 16:53:01', NULL, '2025-12-01 16:53:01', '2025-12-01 16:53:01'),
(31, '2001223008', 'DRL_QK_001', 'drl', 60.0000, 'Được 14 thành viên khác tham gia. Match sở thích 50%', 0, '2025-12-01 16:53:01', NULL, '2025-12-01 16:53:01', '2025-12-01 16:53:01'),
(32, '2001223008', 'DRL_QK_002', 'drl', 50.0000, 'Được 3 thành viên khác tham gia. Match sở thích 50%', 0, '2025-12-01 16:53:01', NULL, '2025-12-01 16:53:01', '2025-12-01 16:53:01'),
(33, '2001223008', 'CTXH_QK_004', 'ctxh', 63.1300, 'Được 6 thành viên khác tham gia. Match sở thích 50%', 0, '2025-12-01 16:53:01', NULL, '2025-12-01 16:53:01', '2025-12-01 16:53:01'),
(34, '2001223008', 'CTXH_QK_005', 'ctxh', 54.5000, 'Được 4 thành viên khác tham gia. Match sở thích 50%', 0, '2025-12-01 16:53:01', NULL, '2025-12-01 16:53:01', '2025-12-01 16:53:01'),
(35, '2001223008', 'CTXH_QK_001', 'ctxh', 50.0000, 'Được 3 thành viên khác tham gia. Match sở thích 50%', 0, '2025-12-01 16:53:01', NULL, '2025-12-01 16:53:01', '2025-12-01 16:53:01'),
(36, '2001223009', 'DRL_QK_001', 'drl', 60.0000, 'Được 14 thành viên khác tham gia. Match sở thích 50%', 0, '2025-12-01 16:53:01', NULL, '2025-12-01 16:53:01', '2025-12-01 16:53:01'),
(37, '2001223009', 'DRL_QK_002', 'drl', 50.0000, 'Được 3 thành viên khác tham gia. Match sở thích 50%', 0, '2025-12-01 16:53:01', NULL, '2025-12-01 16:53:01', '2025-12-01 16:53:01'),
(38, '2001223009', 'CTXH_QK_004', 'ctxh', 63.1300, 'Được 6 thành viên khác tham gia. Match sở thích 50%', 0, '2025-12-01 16:53:01', NULL, '2025-12-01 16:53:01', '2025-12-01 16:53:01'),
(39, '2001223009', 'CTXH_QK_005', 'ctxh', 54.5000, 'Được 4 thành viên khác tham gia. Match sở thích 50%', 0, '2025-12-01 16:53:01', NULL, '2025-12-01 16:53:01', '2025-12-01 16:53:01'),
(40, '2001223009', 'CTXH_QK_001', 'ctxh', 50.0000, 'Được 3 thành viên khác tham gia. Match sở thích 50%', 0, '2025-12-01 16:53:01', NULL, '2025-12-01 16:53:01', '2025-12-01 16:53:01'),
(41, '2001223010', 'DRL_QK_001', 'drl', 60.0000, 'Được 14 thành viên khác tham gia. Match sở thích 50%', 0, '2025-12-01 16:53:01', NULL, '2025-12-01 16:53:01', '2025-12-01 16:53:01'),
(42, '2001223010', 'CTXH_QK_004', 'ctxh', 63.1300, 'Được 6 thành viên khác tham gia. Match sở thích 50%', 0, '2025-12-01 16:53:01', NULL, '2025-12-01 16:53:01', '2025-12-01 16:53:01'),
(43, '2001223010', 'CTXH_QK_005', 'ctxh', 54.5000, 'Được 4 thành viên khác tham gia. Match sở thích 50%', 0, '2025-12-01 16:53:01', NULL, '2025-12-01 16:53:01', '2025-12-01 16:53:01'),
(44, '2001223010', 'CTXH_QK_001', 'ctxh', 50.0000, 'Được 3 thành viên khác tham gia. Match sở thích 50%', 0, '2025-12-01 16:53:01', NULL, '2025-12-01 16:53:01', '2025-12-01 16:53:01'),
(45, '2001223011', 'DRL_QK_002', 'drl', 50.0000, 'Được 3 thành viên khác tham gia', 0, '2025-12-01 16:53:01', NULL, '2025-12-01 16:53:01', '2025-12-01 16:53:01'),
(46, '2001223011', 'DRL-20251127-CA3L', 'drl', 70.0000, 'Hoạt động phù hợp với sở thích của bạn (Match 100%)', 0, '2025-12-01 16:53:01', NULL, '2025-12-01 16:53:01', '2025-12-01 16:53:01'),
(47, '2001223011', 'CTXH_QK_004', 'ctxh', 50.0000, 'Được 6 thành viên khác tham gia', 0, '2025-12-01 16:53:01', NULL, '2025-12-01 16:53:01', '2025-12-01 16:53:01'),
(48, '2001223011', 'CTXH_QK_005', 'ctxh', 50.0000, 'Được 4 thành viên khác tham gia', 0, '2025-12-01 16:53:01', NULL, '2025-12-01 16:53:01', '2025-12-01 16:53:01'),
(49, '2001223012', 'DRL_QK_002', 'drl', 50.0000, 'Được 3 thành viên khác tham gia', 0, '2025-12-01 16:53:01', NULL, '2025-12-01 16:53:01', '2025-12-01 16:53:01'),
(50, '2001223012', 'DRL_TL_003', 'drl', 70.0000, 'Hoạt động phù hợp với sở thích của bạn (Match 100%)', 0, '2025-12-01 16:53:01', NULL, '2025-12-01 16:53:01', '2025-12-01 16:53:01'),
(51, '2001223012', 'DRL-20251127-CA3L', 'drl', 70.0000, 'Hoạt động phù hợp với sở thích của bạn (Match 100%)', 0, '2025-12-01 16:53:01', NULL, '2025-12-01 16:53:01', '2025-12-01 16:53:01'),
(52, '2001223012', 'CTXH_QK_005', 'ctxh', 50.0000, 'Được 4 thành viên khác tham gia', 0, '2025-12-01 16:53:01', NULL, '2025-12-01 16:53:01', '2025-12-01 16:53:01'),
(53, '2001223013', 'DRL_QK_002', 'drl', 50.0000, 'Được 3 thành viên khác tham gia', 0, '2025-12-01 16:53:01', NULL, '2025-12-01 16:53:01', '2025-12-01 16:53:01'),
(54, '2001223013', 'CTXH_QK_005', 'ctxh', 50.0000, 'Được 4 thành viên khác tham gia', 0, '2025-12-01 16:53:01', NULL, '2025-12-01 16:53:01', '2025-12-01 16:53:01'),
(55, '2001223013', 'CTXH_QK_001', 'ctxh', 50.0000, 'Được 3 thành viên khác tham gia', 0, '2025-12-01 16:53:01', NULL, '2025-12-01 16:53:01', '2025-12-01 16:53:01'),
(56, '2001223014', 'DRL_QK_003', 'drl', 55.6900, 'Được 2 thành viên khác tham gia. Match sở thích 100%', 0, '2025-12-01 16:53:01', NULL, '2025-12-01 16:53:01', '2025-12-01 16:53:01'),
(57, '2001223014', 'DRL_QK_004', 'drl', 50.0000, 'Được 2 thành viên khác tham gia. Match sở thích 50%', 0, '2025-12-01 16:53:01', NULL, '2025-12-01 16:53:01', '2025-12-01 16:53:01'),
(58, '2001223014', 'DRL_TL_005', 'drl', 70.0000, 'Hoạt động phù hợp với sở thích của bạn (Match 100%)', 0, '2025-12-01 16:53:01', NULL, '2025-12-01 16:53:01', '2025-12-01 16:53:01'),
(59, '2001223014', 'DRL_TL_004', 'drl', 70.0000, 'Hoạt động phù hợp với sở thích của bạn (Match 100%)', 0, '2025-12-01 16:53:01', NULL, '2025-12-01 16:53:01', '2025-12-01 16:53:01'),
(60, '2001223014', 'DRL_TL_001', 'drl', 99.3000, 'Hoạt động phù hợp với sở thích của bạn (Match 100%)', 0, '2025-12-01 16:53:01', NULL, '2025-12-01 16:53:01', '2025-12-01 16:53:01'),
(61, '2001223014', 'CTXH_QK_004', 'ctxh', 63.1300, 'Được 9 thành viên khác tham gia. Match sở thích 50%', 0, '2025-12-01 16:53:01', NULL, '2025-12-01 16:53:01', '2025-12-01 16:53:01'),
(62, '2001223014', 'CTXH_QK_003', 'ctxh', 78.5200, 'Được 7 thành viên khác tham gia. Match sở thích 100%', 0, '2025-12-01 16:53:01', NULL, '2025-12-01 16:53:01', '2025-12-01 16:53:01'),
(63, '2001223014', 'CTXH_QK_001', 'ctxh', 50.0000, 'Được 2 thành viên khác tham gia. Match sở thích 50%', 0, '2025-12-01 16:53:01', NULL, '2025-12-01 16:53:01', '2025-12-01 16:53:01'),
(64, '2001223014', 'CTXH_TL_002', 'ctxh', 70.0000, 'Hoạt động phù hợp với sở thích của bạn (Match 100%)', 0, '2025-12-01 16:53:01', NULL, '2025-12-01 16:53:01', '2025-12-01 16:53:01'),
(65, '2001223014', 'CTXH_QK_003', 'ctxh', 72.5900, 'Hoạt động phù hợp với sở thích của bạn (Match 100%)', 0, '2025-12-01 16:53:01', NULL, '2025-12-01 16:53:01', '2025-12-01 16:53:01'),
(66, '2001223015', 'DRL_QK_002', 'drl', 50.0000, 'Được 3 thành viên khác tham gia', 0, '2025-12-01 16:53:01', NULL, '2025-12-01 16:53:01', '2025-12-01 16:53:01'),
(67, '2001223015', 'DRL_TL_003', 'drl', 70.0000, 'Hoạt động phù hợp với sở thích của bạn (Match 100%)', 0, '2025-12-01 16:53:01', NULL, '2025-12-01 16:53:01', '2025-12-01 16:53:01'),
(68, '2001223015', 'CTXH_QK_004', 'ctxh', 63.1300, 'Được 6 thành viên khác tham gia. Match sở thích 50%', 0, '2025-12-01 16:53:01', NULL, '2025-12-01 16:53:01', '2025-12-01 16:53:01'),
(69, '2001223015', 'CTXH_QK_001', 'ctxh', 50.0000, 'Được 3 thành viên khác tham gia', 0, '2025-12-01 16:53:01', NULL, '2025-12-01 16:53:01', '2025-12-01 16:53:01'),
(70, '2001223016', 'DRL_QK_001', 'drl', 50.0000, 'Được 14 thành viên khác tham gia', 0, '2025-12-01 16:53:01', NULL, '2025-12-01 16:53:01', '2025-12-01 16:53:01'),
(71, '2001223016', 'DRL_QK_002', 'drl', 50.0000, 'Được 3 thành viên khác tham gia', 0, '2025-12-01 16:53:01', NULL, '2025-12-01 16:53:01', '2025-12-01 16:53:01'),
(72, '2001223016', 'DRL-20251127-CA3L', 'drl', 70.0000, 'Hoạt động phù hợp với sở thích của bạn (Match 100%)', 0, '2025-12-01 16:53:01', NULL, '2025-12-01 16:53:01', '2025-12-01 16:53:01'),
(73, '2001223016', 'CTXH_QK_004', 'ctxh', 63.1300, 'Được 6 thành viên khác tham gia. Match sở thích 50%', 0, '2025-12-01 16:53:01', NULL, '2025-12-01 16:53:01', '2025-12-01 16:53:01'),
(74, '2001223016', 'CTXH_QK_005', 'ctxh', 50.0000, 'Được 4 thành viên khác tham gia', 0, '2025-12-01 16:53:01', NULL, '2025-12-01 16:53:01', '2025-12-01 16:53:01'),
(75, '2001223016', 'CTXH_QK_001', 'ctxh', 50.0000, 'Được 3 thành viên khác tham gia', 0, '2025-12-01 16:53:01', NULL, '2025-12-01 16:53:01', '2025-12-01 16:53:01'),
(76, '2001223017', 'DRL_QK_001', 'drl', 50.0000, 'Được 14 thành viên khác tham gia', 0, '2025-12-01 16:53:01', NULL, '2025-12-01 16:53:01', '2025-12-01 16:53:01'),
(77, '2001223017', 'DRL_QK_002', 'drl', 50.0000, 'Được 3 thành viên khác tham gia', 0, '2025-12-01 16:53:01', NULL, '2025-12-01 16:53:01', '2025-12-01 16:53:01'),
(78, '2001223017', 'CTXH_QK_004', 'ctxh', 63.1300, 'Được 6 thành viên khác tham gia. Match sở thích 50%', 0, '2025-12-01 16:53:01', NULL, '2025-12-01 16:53:01', '2025-12-01 16:53:01'),
(79, '2001223017', 'CTXH_QK_005', 'ctxh', 50.0000, 'Được 4 thành viên khác tham gia', 0, '2025-12-01 16:53:01', NULL, '2025-12-01 16:53:01', '2025-12-01 16:53:01'),
(80, '2001223017', 'CTXH_QK_001', 'ctxh', 50.0000, 'Được 3 thành viên khác tham gia', 0, '2025-12-01 16:53:01', NULL, '2025-12-01 16:53:01', '2025-12-01 16:53:01'),
(81, '2001223018', 'DRL_QK_001', 'drl', 50.0000, 'Được 14 thành viên khác tham gia', 0, '2025-12-01 16:53:01', NULL, '2025-12-01 16:53:01', '2025-12-01 16:53:01'),
(82, '2001223018', 'DRL_QK_002', 'drl', 50.0000, 'Được 3 thành viên khác tham gia', 0, '2025-12-01 16:53:01', NULL, '2025-12-01 16:53:01', '2025-12-01 16:53:01'),
(83, '2001223018', 'CTXH_QK_004', 'ctxh', 63.1300, 'Được 6 thành viên khác tham gia. Match sở thích 50%', 0, '2025-12-01 16:53:01', NULL, '2025-12-01 16:53:01', '2025-12-01 16:53:01'),
(84, '2001223018', 'CTXH_QK_005', 'ctxh', 50.0000, 'Được 4 thành viên khác tham gia', 0, '2025-12-01 16:53:01', NULL, '2025-12-01 16:53:01', '2025-12-01 16:53:01'),
(85, '2001223018', 'CTXH_QK_001', 'ctxh', 50.0000, 'Được 3 thành viên khác tham gia', 0, '2025-12-01 16:53:01', NULL, '2025-12-01 16:53:01', '2025-12-01 16:53:01'),
(86, '2001223019', 'DRL_QK_001', 'drl', 50.0000, 'Được 9 thành viên khác tham gia', 0, '2025-12-01 16:53:01', NULL, '2025-12-01 16:53:01', '2025-12-01 16:53:01'),
(87, '2001223019', 'DRL_TL_002', 'drl', 70.0000, 'Hoạt động phù hợp với sở thích của bạn (Match 100%)', 0, '2025-12-01 16:53:01', NULL, '2025-12-01 16:53:01', '2025-12-01 16:53:01'),
(88, '2001223019', 'DRL_QK_002', 'drl', 70.0000, 'Hoạt động phù hợp với sở thích của bạn (Match 100%)', 0, '2025-12-01 16:53:01', NULL, '2025-12-01 16:53:01', '2025-12-01 16:53:01'),
(89, '2001223019', 'CTXH_QK_001', 'ctxh', 50.0000, 'Được 4 thành viên khác tham gia', 0, '2025-12-01 16:53:01', NULL, '2025-12-01 16:53:01', '2025-12-01 16:53:01'),
(90, '2001223019', 'CTXH_QK_002', 'ctxh', 50.0000, 'Được 3 thành viên khác tham gia', 0, '2025-12-01 16:53:01', NULL, '2025-12-01 16:53:01', '2025-12-01 16:53:01'),
(91, '2001223019', 'CTXH_QK_004', 'ctxh', 54.3800, 'Được 3 thành viên khác tham gia. Match sở thích 50%', 0, '2025-12-01 16:53:01', NULL, '2025-12-01 16:53:01', '2025-12-01 16:53:01'),
(92, '2001223019', 'CTXH_QK_005', 'ctxh', 50.0000, 'Được 3 thành viên khác tham gia', 0, '2025-12-01 16:53:01', NULL, '2025-12-01 16:53:01', '2025-12-01 16:53:01'),
(93, '2001223019', 'CTXH_TL_005', 'ctxh', 70.0000, 'Hoạt động phù hợp với sở thích của bạn (Match 100%)', 0, '2025-12-01 16:53:01', NULL, '2025-12-01 16:53:01', '2025-12-01 16:53:01'),
(94, '2001223020', 'DRL_QK_001', 'drl', 50.0000, 'Được 9 thành viên khác tham gia', 0, '2025-12-01 16:53:01', NULL, '2025-12-01 16:53:01', '2025-12-01 16:53:01'),
(95, '2001223020', 'DRL_TL_002', 'drl', 70.0000, 'Hoạt động phù hợp với sở thích của bạn (Match 100%)', 0, '2025-12-01 16:53:01', NULL, '2025-12-01 16:53:01', '2025-12-01 16:53:01'),
(96, '2001223020', 'CTXH_QK_001', 'ctxh', 50.0000, 'Được 4 thành viên khác tham gia', 0, '2025-12-01 16:53:01', NULL, '2025-12-01 16:53:01', '2025-12-01 16:53:01'),
(97, '2001223020', 'CTXH_QK_002', 'ctxh', 50.0000, 'Được 3 thành viên khác tham gia', 0, '2025-12-01 16:53:01', NULL, '2025-12-01 16:53:01', '2025-12-01 16:53:01'),
(98, '2001223020', 'CTXH_QK_004', 'ctxh', 50.0000, 'Được 3 thành viên khác tham gia', 0, '2025-12-01 16:53:01', NULL, '2025-12-01 16:53:01', '2025-12-01 16:53:01'),
(99, '2001223020', 'CTXH_QK_005', 'ctxh', 50.0000, 'Được 3 thành viên khác tham gia', 0, '2025-12-01 16:53:01', NULL, '2025-12-01 16:53:01', '2025-12-01 16:53:01'),
(100, '2001223021', 'DRL_QK_005', 'drl', 62.4600, 'Được 3 thành viên khác tham gia. Match sở thích 100%', 0, '2025-12-01 16:53:01', NULL, '2025-12-01 16:53:01', '2025-12-01 16:53:01'),
(101, '2001223021', 'DRL_QK_003', 'drl', 55.6900, 'Được 2 thành viên khác tham gia. Match sở thích 100%', 0, '2025-12-01 16:53:01', NULL, '2025-12-01 16:53:01', '2025-12-01 16:53:01'),
(102, '2001223021', 'DRL_QK_004', 'drl', 50.0000, 'Được 2 thành viên khác tham gia. Match sở thích 50%', 0, '2025-12-01 16:53:01', NULL, '2025-12-01 16:53:01', '2025-12-01 16:53:01'),
(103, '2001223021', 'DRL_TL_005', 'drl', 70.0000, 'Hoạt động phù hợp với sở thích của bạn (Match 100%)', 0, '2025-12-01 16:53:01', NULL, '2025-12-01 16:53:01', '2025-12-01 16:53:01'),
(104, '2001223021', 'DRL_TL_004', 'drl', 70.0000, 'Hoạt động phù hợp với sở thích của bạn (Match 100%)', 0, '2025-12-01 16:53:01', NULL, '2025-12-01 16:53:01', '2025-12-01 16:53:01'),
(105, '2001223021', 'CTXH_QK_004', 'ctxh', 63.1300, 'Được 9 thành viên khác tham gia. Match sở thích 50%', 0, '2025-12-01 16:53:01', NULL, '2025-12-01 16:53:01', '2025-12-01 16:53:01'),
(106, '2001223021', 'CTXH_QK_005', 'ctxh', 62.2800, 'Được 8 thành viên khác tham gia. Match sở thích 50%', 0, '2025-12-01 16:53:01', NULL, '2025-12-01 16:53:01', '2025-12-01 16:53:01'),
(107, '2001223021', 'CTXH_TL_002', 'ctxh', 70.0000, 'Hoạt động phù hợp với sở thích của bạn (Match 100%)', 0, '2025-12-01 16:53:01', NULL, '2025-12-01 16:53:01', '2025-12-01 16:53:01'),
(108, '2001223022', 'DRL_QK_002', 'drl', 50.0000, 'Được 3 thành viên khác tham gia', 0, '2025-12-01 16:53:01', NULL, '2025-12-01 16:53:01', '2025-12-01 16:53:01'),
(109, '2001223022', 'CTXH_QK_005', 'ctxh', 50.0000, 'Được 4 thành viên khác tham gia', 0, '2025-12-01 16:53:01', NULL, '2025-12-01 16:53:01', '2025-12-01 16:53:01'),
(110, '2001223022', 'CTXH_QK_001', 'ctxh', 50.0000, 'Được 3 thành viên khác tham gia', 0, '2025-12-01 16:53:01', NULL, '2025-12-01 16:53:01', '2025-12-01 16:53:01'),
(111, '2001223023', 'DRL_QK_002', 'drl', 50.0000, 'Được 3 thành viên khác tham gia. Match sở thích 50%', 0, '2025-12-01 16:53:01', NULL, '2025-12-01 16:53:01', '2025-12-01 16:53:01'),
(112, '2001223023', 'CTXH_QK_005', 'ctxh', 54.5000, 'Được 4 thành viên khác tham gia. Match sở thích 50%', 0, '2025-12-01 16:53:01', NULL, '2025-12-01 16:53:01', '2025-12-01 16:53:01'),
(113, '2001223023', 'CTXH_QK_001', 'ctxh', 50.0000, 'Được 3 thành viên khác tham gia. Match sở thích 50%', 0, '2025-12-01 16:53:01', NULL, '2025-12-01 16:53:01', '2025-12-01 16:53:01'),
(114, '2001223024', 'DRL_QK_002', 'drl', 50.0000, 'Được 3 thành viên khác tham gia. Match sở thích 50%', 0, '2025-12-01 16:53:01', NULL, '2025-12-01 16:53:01', '2025-12-01 16:53:01'),
(115, '2001223024', 'CTXH_QK_004', 'ctxh', 63.1300, 'Được 6 thành viên khác tham gia. Match sở thích 50%', 0, '2025-12-01 16:53:02', NULL, '2025-12-01 16:53:02', '2025-12-01 16:53:02'),
(116, '2001223024', 'CTXH_QK_001', 'ctxh', 50.0000, 'Được 3 thành viên khác tham gia. Match sở thích 50%', 0, '2025-12-01 16:53:02', NULL, '2025-12-01 16:53:02', '2025-12-01 16:53:02'),
(117, '2001223025', 'DRL_QK_002', 'drl', 50.0000, 'Được 3 thành viên khác tham gia. Match sở thích 50%', 0, '2025-12-01 16:53:02', NULL, '2025-12-01 16:53:02', '2025-12-01 16:53:02'),
(118, '2001223025', 'CTXH_QK_004', 'ctxh', 63.1300, 'Được 6 thành viên khác tham gia. Match sở thích 50%', 0, '2025-12-01 16:53:02', NULL, '2025-12-01 16:53:02', '2025-12-01 16:53:02'),
(119, '2001223025', 'CTXH_QK_001', 'ctxh', 50.0000, 'Được 3 thành viên khác tham gia. Match sở thích 50%', 0, '2025-12-01 16:53:02', NULL, '2025-12-01 16:53:02', '2025-12-01 16:53:02'),
(120, '2001223026', 'DRL_QK_001', 'drl', 60.0000, 'Được 14 thành viên khác tham gia. Match sở thích 50%', 0, '2025-12-01 16:53:02', NULL, '2025-12-01 16:53:02', '2025-12-01 16:53:02'),
(121, '2001223026', 'DRL_QK_002', 'drl', 50.0000, 'Được 3 thành viên khác tham gia. Match sở thích 50%', 0, '2025-12-01 16:53:02', NULL, '2025-12-01 16:53:02', '2025-12-01 16:53:02'),
(122, '2001223026', 'CTXH_QK_004', 'ctxh', 63.1300, 'Được 6 thành viên khác tham gia. Match sở thích 50%', 0, '2025-12-01 16:53:02', NULL, '2025-12-01 16:53:02', '2025-12-01 16:53:02'),
(123, '2001223026', 'CTXH_QK_005', 'ctxh', 54.5000, 'Được 4 thành viên khác tham gia. Match sở thích 50%', 0, '2025-12-01 16:53:02', NULL, '2025-12-01 16:53:02', '2025-12-01 16:53:02'),
(124, '2001223026', 'CTXH_QK_001', 'ctxh', 50.0000, 'Được 3 thành viên khác tham gia. Match sở thích 50%', 0, '2025-12-01 16:53:02', NULL, '2025-12-01 16:53:02', '2025-12-01 16:53:02'),
(125, '2001223027', 'DRL_QK_001', 'drl', 60.0000, 'Được 14 thành viên khác tham gia. Match sở thích 50%', 0, '2025-12-01 16:53:02', NULL, '2025-12-01 16:53:02', '2025-12-01 16:53:02'),
(126, '2001223027', 'DRL_QK_002', 'drl', 50.0000, 'Được 3 thành viên khác tham gia. Match sở thích 50%', 0, '2025-12-01 16:53:02', NULL, '2025-12-01 16:53:02', '2025-12-01 16:53:02'),
(127, '2001223027', 'CTXH_QK_004', 'ctxh', 63.1300, 'Được 6 thành viên khác tham gia. Match sở thích 50%', 0, '2025-12-01 16:53:02', NULL, '2025-12-01 16:53:02', '2025-12-01 16:53:02'),
(128, '2001223027', 'CTXH_QK_005', 'ctxh', 54.5000, 'Được 4 thành viên khác tham gia. Match sở thích 50%', 0, '2025-12-01 16:53:02', NULL, '2025-12-01 16:53:02', '2025-12-01 16:53:02'),
(129, '2001223027', 'CTXH_QK_001', 'ctxh', 50.0000, 'Được 3 thành viên khác tham gia. Match sở thích 50%', 0, '2025-12-01 16:53:02', NULL, '2025-12-01 16:53:02', '2025-12-01 16:53:02'),
(130, '2001223028', 'DRL_QK_001', 'drl', 60.0000, 'Được 14 thành viên khác tham gia. Match sở thích 50%', 0, '2025-12-01 16:53:02', NULL, '2025-12-01 16:53:02', '2025-12-01 16:53:02'),
(131, '2001223028', 'DRL_QK_002', 'drl', 50.0000, 'Được 3 thành viên khác tham gia. Match sở thích 50%', 0, '2025-12-01 16:53:02', NULL, '2025-12-01 16:53:02', '2025-12-01 16:53:02'),
(132, '2001223028', 'CTXH_QK_004', 'ctxh', 63.1300, 'Được 6 thành viên khác tham gia. Match sở thích 50%', 0, '2025-12-01 16:53:02', NULL, '2025-12-01 16:53:02', '2025-12-01 16:53:02'),
(133, '2001223028', 'CTXH_QK_005', 'ctxh', 54.5000, 'Được 4 thành viên khác tham gia. Match sở thích 50%', 0, '2025-12-01 16:53:02', NULL, '2025-12-01 16:53:02', '2025-12-01 16:53:02'),
(134, '2001223028', 'CTXH_QK_001', 'ctxh', 50.0000, 'Được 3 thành viên khác tham gia. Match sở thích 50%', 0, '2025-12-01 16:53:02', NULL, '2025-12-01 16:53:02', '2025-12-01 16:53:02'),
(135, '2001223029', 'DRL_QK_001', 'drl', 60.0000, 'Được 14 thành viên khác tham gia. Match sở thích 50%', 0, '2025-12-01 16:53:02', NULL, '2025-12-01 16:53:02', '2025-12-01 16:53:02'),
(136, '2001223029', 'DRL_QK_002', 'drl', 50.0000, 'Được 3 thành viên khác tham gia. Match sở thích 50%', 0, '2025-12-01 16:53:02', NULL, '2025-12-01 16:53:02', '2025-12-01 16:53:02'),
(137, '2001223029', 'CTXH_QK_004', 'ctxh', 63.1300, 'Được 6 thành viên khác tham gia. Match sở thích 50%', 0, '2025-12-01 16:53:02', NULL, '2025-12-01 16:53:02', '2025-12-01 16:53:02'),
(138, '2001223029', 'CTXH_QK_005', 'ctxh', 54.5000, 'Được 4 thành viên khác tham gia. Match sở thích 50%', 0, '2025-12-01 16:53:02', NULL, '2025-12-01 16:53:02', '2025-12-01 16:53:02'),
(139, '2001223029', 'CTXH_QK_001', 'ctxh', 50.0000, 'Được 3 thành viên khác tham gia. Match sở thích 50%', 0, '2025-12-01 16:53:02', NULL, '2025-12-01 16:53:02', '2025-12-01 16:53:02'),
(140, '2001223030', 'DRL_QK_001', 'drl', 60.0000, 'Được 14 thành viên khác tham gia. Match sở thích 50%', 0, '2025-12-01 16:53:02', NULL, '2025-12-01 16:53:02', '2025-12-01 16:53:02'),
(141, '2001223030', 'CTXH_QK_004', 'ctxh', 63.1300, 'Được 6 thành viên khác tham gia. Match sở thích 50%', 0, '2025-12-01 16:53:02', NULL, '2025-12-01 16:53:02', '2025-12-01 16:53:02'),
(142, '2001223030', 'CTXH_QK_005', 'ctxh', 54.5000, 'Được 4 thành viên khác tham gia. Match sở thích 50%', 0, '2025-12-01 16:53:02', NULL, '2025-12-01 16:53:02', '2025-12-01 16:53:02'),
(143, '2001223030', 'CTXH_QK_001', 'ctxh', 50.0000, 'Được 3 thành viên khác tham gia. Match sở thích 50%', 0, '2025-12-01 16:53:02', NULL, '2025-12-01 16:53:02', '2025-12-01 16:53:02'),
(144, '2001223031', 'DRL_QK_005', 'drl', 62.4600, 'Được 3 thành viên khác tham gia. Match sở thích 100%', 0, '2025-12-01 16:53:02', NULL, '2025-12-01 16:53:02', '2025-12-01 16:53:02'),
(145, '2001223031', 'DRL_QK_003', 'drl', 55.6900, 'Được 2 thành viên khác tham gia. Match sở thích 100%', 0, '2025-12-01 16:53:02', NULL, '2025-12-01 16:53:02', '2025-12-01 16:53:02'),
(146, '2001223031', 'DRL_QK_004', 'drl', 50.0000, 'Được 2 thành viên khác tham gia. Match sở thích 50%', 0, '2025-12-01 16:53:02', NULL, '2025-12-01 16:53:02', '2025-12-01 16:53:02'),
(147, '2001223031', 'DRL_TL_005', 'drl', 70.0000, 'Hoạt động phù hợp với sở thích của bạn (Match 100%)', 0, '2025-12-01 16:53:02', NULL, '2025-12-01 16:53:02', '2025-12-01 16:53:02'),
(148, '2001223031', 'DRL_TL_004', 'drl', 70.0000, 'Hoạt động phù hợp với sở thích của bạn (Match 100%)', 0, '2025-12-01 16:53:02', NULL, '2025-12-01 16:53:02', '2025-12-01 16:53:02'),
(149, '2001223031', 'CTXH_QK_004', 'ctxh', 50.0000, 'Được 9 thành viên khác tham gia', 0, '2025-12-01 16:53:02', NULL, '2025-12-01 16:53:02', '2025-12-01 16:53:02'),
(150, '2001223031', 'CTXH_QK_005', 'ctxh', 87.2800, 'Được 8 thành viên khác tham gia. Match sở thích 100%', 0, '2025-12-01 16:53:02', NULL, '2025-12-01 16:53:02', '2025-12-01 16:53:02'),
(151, '2001223031', 'CTXH_QK_005', 'ctxh', 82.3400, 'Hoạt động phù hợp với sở thích của bạn (Match 100%)', 0, '2025-12-01 16:53:02', NULL, '2025-12-01 16:53:02', '2025-12-01 16:53:02'),
(152, '2001223031', 'CTXH_QK_002', 'ctxh', 70.0000, 'Hoạt động phù hợp với sở thích của bạn (Match 100%)', 0, '2025-12-01 16:53:02', NULL, '2025-12-01 16:53:02', '2025-12-01 16:53:02'),
(153, '2001223032', 'DRL_QK_005', 'drl', 62.4600, 'Được 3 thành viên khác tham gia. Match sở thích 100%', 0, '2025-12-01 16:53:02', NULL, '2025-12-01 16:53:02', '2025-12-01 16:53:02'),
(154, '2001223032', 'DRL_QK_004', 'drl', 58.2800, 'Được 2 thành viên khác tham gia. Match sở thích 100%', 0, '2025-12-01 16:53:02', NULL, '2025-12-01 16:53:02', '2025-12-01 16:53:02'),
(155, '2001223032', 'DRL_TL_005', 'drl', 70.0000, 'Hoạt động phù hợp với sở thích của bạn (Match 100%)', 0, '2025-12-01 16:53:02', NULL, '2025-12-01 16:53:02', '2025-12-01 16:53:02'),
(156, '2001223032', 'DRL_TL_004', 'drl', 70.0000, 'Hoạt động phù hợp với sở thích của bạn (Match 100%)', 0, '2025-12-01 16:53:02', NULL, '2025-12-01 16:53:02', '2025-12-01 16:53:02'),
(157, '2001223032', 'DRL-20251127-CA3L', 'drl', 70.0000, 'Hoạt động phù hợp với sở thích của bạn (Match 100%)', 0, '2025-12-01 16:53:02', NULL, '2025-12-01 16:53:02', '2025-12-01 16:53:02'),
(158, '2001223032', 'CTXH_QK_005', 'ctxh', 66.1700, 'Được 8 thành viên khác tham gia. Match sở thích 50%', 0, '2025-12-01 16:53:02', NULL, '2025-12-01 16:53:02', '2025-12-01 16:53:02'),
(159, '2001223032', 'CTXH_QK_003', 'ctxh', 56.9200, 'Được 7 thành viên khác tham gia. Match sở thích 50%', 0, '2025-12-01 16:53:02', NULL, '2025-12-01 16:53:02', '2025-12-01 16:53:02'),
(160, '2001223032', 'CTXH_QK_001', 'ctxh', 50.0000, 'Được 2 thành viên khác tham gia. Match sở thích 50%', 0, '2025-12-01 16:53:02', NULL, '2025-12-01 16:53:02', '2025-12-01 16:53:02'),
(161, '2001223032', 'CTXH_TL_004', 'ctxh', 70.0000, 'Hoạt động phù hợp với sở thích của bạn (Match 100%)', 0, '2025-12-01 16:53:02', NULL, '2025-12-01 16:53:02', '2025-12-01 16:53:02'),
(162, '2001223033', 'DRL_QK_005', 'drl', 62.4600, 'Được 3 thành viên khác tham gia. Match sở thích 100%', 0, '2025-12-01 16:53:02', NULL, '2025-12-01 16:53:02', '2025-12-01 16:53:02'),
(163, '2001223033', 'DRL_QK_003', 'drl', 55.6900, 'Được 2 thành viên khác tham gia. Match sở thích 100%', 0, '2025-12-01 16:53:02', NULL, '2025-12-01 16:53:02', '2025-12-01 16:53:02'),
(164, '2001223033', 'DRL_TL_005', 'drl', 70.0000, 'Hoạt động phù hợp với sở thích của bạn (Match 100%)', 0, '2025-12-01 16:53:02', NULL, '2025-12-01 16:53:02', '2025-12-01 16:53:02'),
(165, '2001223033', 'DRL_TL_004', 'drl', 70.0000, 'Hoạt động phù hợp với sở thích của bạn (Match 100%)', 0, '2025-12-01 16:53:02', NULL, '2025-12-01 16:53:02', '2025-12-01 16:53:02'),
(166, '2001223033', 'DRL_TL_002', 'drl', 70.0000, 'Hoạt động phù hợp với sở thích của bạn (Match 100%)', 0, '2025-12-01 16:53:02', NULL, '2025-12-01 16:53:02', '2025-12-01 16:53:02'),
(167, '2001223033', 'CTXH_QK_005', 'ctxh', 66.1700, 'Được 8 thành viên khác tham gia. Match sở thích 50%', 0, '2025-12-01 16:53:02', NULL, '2025-12-01 16:53:02', '2025-12-01 16:53:02'),
(168, '2001223033', 'CTXH_QK_003', 'ctxh', 56.9200, 'Được 7 thành viên khác tham gia. Match sở thích 50%', 0, '2025-12-01 16:53:02', NULL, '2025-12-01 16:53:02', '2025-12-01 16:53:02'),
(169, '2001223033', 'CTXH_QK_001', 'ctxh', 50.0000, 'Được 2 thành viên khác tham gia. Match sở thích 50%', 0, '2025-12-01 16:53:02', NULL, '2025-12-01 16:53:02', '2025-12-01 16:53:02'),
(170, '2001223034', 'DRL_QK_003', 'drl', 55.6900, 'Được 2 thành viên khác tham gia. Match sở thích 100%', 0, '2025-12-01 16:53:02', NULL, '2025-12-01 16:53:02', '2025-12-01 16:53:02'),
(171, '2001223034', 'DRL_QK_004', 'drl', 50.0000, 'Được 2 thành viên khác tham gia. Match sở thích 50%', 0, '2025-12-01 16:53:02', NULL, '2025-12-01 16:53:02', '2025-12-01 16:53:02'),
(172, '2001223034', 'DRL_TL_005', 'drl', 70.0000, 'Hoạt động phù hợp với sở thích của bạn (Match 100%)', 0, '2025-12-01 16:53:02', NULL, '2025-12-01 16:53:02', '2025-12-01 16:53:02'),
(173, '2001223034', 'DRL_TL_004', 'drl', 70.0000, 'Hoạt động phù hợp với sở thích của bạn (Match 100%)', 0, '2025-12-01 16:53:02', NULL, '2025-12-01 16:53:02', '2025-12-01 16:53:02'),
(174, '2001223034', 'DRL_TL_001', 'drl', 99.3000, 'Hoạt động phù hợp với sở thích của bạn (Match 100%)', 0, '2025-12-01 16:53:02', NULL, '2025-12-01 16:53:02', '2025-12-01 16:53:02'),
(175, '2001223034', 'CTXH_QK_004', 'ctxh', 50.0000, 'Được 9 thành viên khác tham gia', 0, '2025-12-01 16:53:02', NULL, '2025-12-01 16:53:02', '2025-12-01 16:53:02'),
(176, '2001223034', 'CTXH_QK_003', 'ctxh', 53.5200, 'Được 7 thành viên khác tham gia. Match sở thích 50%', 0, '2025-12-01 16:53:02', NULL, '2025-12-01 16:53:02', '2025-12-01 16:53:02'),
(177, '2001223034', 'CTXH_QK_001', 'ctxh', 57.7800, 'Được 2 thành viên khác tham gia. Match sở thích 100%', 0, '2025-12-01 16:53:02', NULL, '2025-12-01 16:53:02', '2025-12-01 16:53:02'),
(178, '2001223034', 'CTXH_QK_002', 'ctxh', 70.0000, 'Hoạt động phù hợp với sở thích của bạn (Match 100%)', 0, '2025-12-01 16:53:02', NULL, '2025-12-01 16:53:02', '2025-12-01 16:53:02'),
(179, '2001223034', 'CTXH_QK_001', 'ctxh', 70.0000, 'Hoạt động phù hợp với sở thích của bạn (Match 100%)', 0, '2025-12-01 16:53:02', NULL, '2025-12-01 16:53:02', '2025-12-01 16:53:02'),
(180, '2001223035', 'DRL_QK_005', 'drl', 62.4600, 'Được 3 thành viên khác tham gia. Match sở thích 100%', 0, '2025-12-01 16:53:02', NULL, '2025-12-01 16:53:02', '2025-12-01 16:53:02'),
(181, '2001223035', 'DRL_QK_003', 'drl', 55.6900, 'Được 2 thành viên khác tham gia. Match sở thích 100%', 0, '2025-12-01 16:53:02', NULL, '2025-12-01 16:53:02', '2025-12-01 16:53:02'),
(182, '2001223035', 'DRL_QK_004', 'drl', 50.0000, 'Được 2 thành viên khác tham gia. Match sở thích 50%', 0, '2025-12-01 16:53:02', NULL, '2025-12-01 16:53:02', '2025-12-01 16:53:02'),
(183, '2001223035', 'DRL_TL_005', 'drl', 70.0000, 'Hoạt động phù hợp với sở thích của bạn (Match 100%)', 0, '2025-12-01 16:53:02', NULL, '2025-12-01 16:53:02', '2025-12-01 16:53:02'),
(184, '2001223035', 'DRL_TL_004', 'drl', 70.0000, 'Hoạt động phù hợp với sở thích của bạn (Match 100%)', 0, '2025-12-01 16:53:02', NULL, '2025-12-01 16:53:02', '2025-12-01 16:53:02'),
(185, '2001223035', 'CTXH_QK_004', 'ctxh', 63.1300, 'Được 9 thành viên khác tham gia. Match sở thích 50%', 0, '2025-12-01 16:53:02', NULL, '2025-12-01 16:53:02', '2025-12-01 16:53:02'),
(186, '2001223035', 'CTXH_QK_003', 'ctxh', 78.5200, 'Được 7 thành viên khác tham gia. Match sở thích 100%', 0, '2025-12-01 16:53:02', NULL, '2025-12-01 16:53:02', '2025-12-01 16:53:02'),
(187, '2001223035', 'CTXH_QK_001', 'ctxh', 50.0000, 'Được 2 thành viên khác tham gia. Match sở thích 50%', 0, '2025-12-01 16:53:02', NULL, '2025-12-01 16:53:02', '2025-12-01 16:53:02'),
(188, '2001223035', 'CTXH_TL_002', 'ctxh', 70.0000, 'Hoạt động phù hợp với sở thích của bạn (Match 100%)', 0, '2025-12-01 16:53:02', NULL, '2025-12-01 16:53:02', '2025-12-01 16:53:02'),
(189, '2001223035', 'CTXH_QK_003', 'ctxh', 72.5900, 'Hoạt động phù hợp với sở thích của bạn (Match 100%)', 0, '2025-12-01 16:53:02', NULL, '2025-12-01 16:53:02', '2025-12-01 16:53:02'),
(190, '2001223036', 'DRL_QK_001', 'drl', 85.0000, 'Được 21 thành viên khác tham gia. Match sở thích 100%', 0, '2025-12-01 16:53:02', NULL, '2025-12-01 16:53:02', '2025-12-01 16:53:02'),
(191, '2001223036', 'DRL_QK_005', 'drl', 62.2100, 'Được 3 thành viên khác tham gia. Match sở thích 100%', 0, '2025-12-01 16:53:02', NULL, '2025-12-01 16:53:02', '2025-12-01 16:53:02'),
(192, '2001223036', 'DRL_QK_003', 'drl', 55.5200, 'Được 2 thành viên khác tham gia. Match sở thích 100%', 0, '2025-12-01 16:53:02', NULL, '2025-12-01 16:53:02', '2025-12-01 16:53:02'),
(193, '2001223036', 'DRL_QK_004', 'drl', 50.0000, 'Được 2 thành viên khác tham gia. Match sở thích 50%', 0, '2025-12-01 16:53:02', NULL, '2025-12-01 16:53:02', '2025-12-01 16:53:02'),
(194, '2001223036', 'DRL_TL_005', 'drl', 70.0000, 'Hoạt động phù hợp với sở thích của bạn (Match 100%)', 0, '2025-12-01 16:53:02', NULL, '2025-12-01 16:53:02', '2025-12-01 16:53:02'),
(195, '2001223036', 'CTXH_QK_004', 'ctxh', 50.0000, 'Được 9 thành viên khác tham gia', 0, '2025-12-01 16:53:02', NULL, '2025-12-01 16:53:02', '2025-12-01 16:53:02'),
(196, '2001223036', 'CTXH_QK_005', 'ctxh', 62.2800, 'Được 8 thành viên khác tham gia. Match sở thích 50%', 0, '2025-12-01 16:53:02', NULL, '2025-12-01 16:53:02', '2025-12-01 16:53:02'),
(197, '2001223036', 'CTXH_QK_003', 'ctxh', 53.5200, 'Được 7 thành viên khác tham gia. Match sở thích 50%', 0, '2025-12-01 16:53:02', NULL, '2025-12-01 16:53:02', '2025-12-01 16:53:02'),
(198, '2001223036', 'CTXH_QK_001', 'ctxh', 50.0000, 'Được 2 thành viên khác tham gia. Match sở thích 50%', 0, '2025-12-01 16:53:02', NULL, '2025-12-01 16:53:02', '2025-12-01 16:53:02'),
(199, '2001223037', 'DRL_QK_001', 'drl', 85.0000, 'Được 21 thành viên khác tham gia. Match sở thích 100%', 0, '2025-12-01 16:53:02', NULL, '2025-12-01 16:53:02', '2025-12-01 16:53:02'),
(200, '2001223037', 'DRL_QK_005', 'drl', 62.2100, 'Được 3 thành viên khác tham gia. Match sở thích 100%', 0, '2025-12-01 16:53:02', NULL, '2025-12-01 16:53:02', '2025-12-01 16:53:02'),
(201, '2001223037', 'DRL_QK_003', 'drl', 55.5200, 'Được 2 thành viên khác tham gia. Match sở thích 100%', 0, '2025-12-01 16:53:02', NULL, '2025-12-01 16:53:02', '2025-12-01 16:53:02'),
(202, '2001223037', 'DRL_QK_004', 'drl', 50.0000, 'Được 2 thành viên khác tham gia. Match sở thích 50%', 0, '2025-12-01 16:53:02', NULL, '2025-12-01 16:53:02', '2025-12-01 16:53:02'),
(203, '2001223037', 'DRL_TL_005', 'drl', 70.0000, 'Hoạt động phù hợp với sở thích của bạn (Match 100%)', 0, '2025-12-01 16:53:02', NULL, '2025-12-01 16:53:02', '2025-12-01 16:53:02'),
(204, '2001223037', 'CTXH_QK_004', 'ctxh', 50.0000, 'Được 9 thành viên khác tham gia', 0, '2025-12-01 16:53:02', NULL, '2025-12-01 16:53:02', '2025-12-01 16:53:02'),
(205, '2001223037', 'CTXH_QK_005', 'ctxh', 62.2800, 'Được 8 thành viên khác tham gia. Match sở thích 50%', 0, '2025-12-01 16:53:02', NULL, '2025-12-01 16:53:02', '2025-12-01 16:53:02'),
(206, '2001223037', 'CTXH_QK_003', 'ctxh', 53.5200, 'Được 7 thành viên khác tham gia. Match sở thích 50%', 0, '2025-12-01 16:53:02', NULL, '2025-12-01 16:53:02', '2025-12-01 16:53:02'),
(207, '2001223037', 'CTXH_QK_001', 'ctxh', 50.0000, 'Được 2 thành viên khác tham gia. Match sở thích 50%', 0, '2025-12-01 16:53:02', NULL, '2025-12-01 16:53:02', '2025-12-01 16:53:02'),
(208, '2001223038', 'DRL_TL_005', 'drl', 70.0000, 'Hoạt động phù hợp với sở thích của bạn (Match 100%)', 0, '2025-12-01 16:53:02', NULL, '2025-12-01 16:53:02', '2025-12-01 16:53:02'),
(209, '2001223038', 'DRL_TL_004', 'drl', 70.0000, 'Hoạt động phù hợp với sở thích của bạn (Match 100%)', 0, '2025-12-01 16:53:02', NULL, '2025-12-01 16:53:02', '2025-12-01 16:53:02'),
(210, '2001223038', 'DRL_TL_001', 'drl', 99.3000, 'Hoạt động phù hợp với sở thích của bạn (Match 100%)', 0, '2025-12-01 16:53:02', NULL, '2025-12-01 16:53:02', '2025-12-01 16:53:02'),
(211, '2001223038', 'DRL_QK_005', 'drl', 84.4200, 'Hoạt động phù hợp với sở thích của bạn (Match 100%)', 0, '2025-12-01 16:53:02', NULL, '2025-12-01 16:53:02', '2025-12-01 16:53:02'),
(212, '2001223038', 'DRL_QK_003', 'drl', 74.3800, 'Hoạt động phù hợp với sở thích của bạn (Match 100%)', 0, '2025-12-01 16:53:02', NULL, '2025-12-01 16:53:02', '2025-12-01 16:53:02'),
(213, '2001223039', 'DRL_QK_001', 'drl', 85.0000, 'Được 21 thành viên khác tham gia. Match sở thích 100%', 0, '2025-12-01 16:53:02', NULL, '2025-12-01 16:53:02', '2025-12-01 16:53:02'),
(214, '2001223039', 'DRL_QK_005', 'drl', 62.2100, 'Được 3 thành viên khác tham gia. Match sở thích 100%', 0, '2025-12-01 16:53:02', NULL, '2025-12-01 16:53:02', '2025-12-01 16:53:02'),
(215, '2001223039', 'DRL_QK_003', 'drl', 55.5200, 'Được 2 thành viên khác tham gia. Match sở thích 100%', 0, '2025-12-01 16:53:02', NULL, '2025-12-01 16:53:02', '2025-12-01 16:53:02'),
(216, '2001223039', 'DRL_QK_004', 'drl', 50.0000, 'Được 2 thành viên khác tham gia. Match sở thích 50%', 0, '2025-12-01 16:53:02', NULL, '2025-12-01 16:53:02', '2025-12-01 16:53:02'),
(217, '2001223039', 'DRL_TL_005', 'drl', 70.0000, 'Hoạt động phù hợp với sở thích của bạn (Match 100%)', 0, '2025-12-01 16:53:02', NULL, '2025-12-01 16:53:02', '2025-12-01 16:53:02'),
(218, '2001223039', 'CTXH_QK_004', 'ctxh', 50.0000, 'Được 9 thành viên khác tham gia', 0, '2025-12-01 16:53:02', NULL, '2025-12-01 16:53:02', '2025-12-01 16:53:02'),
(219, '2001223039', 'CTXH_QK_005', 'ctxh', 62.2800, 'Được 8 thành viên khác tham gia. Match sở thích 50%', 0, '2025-12-01 16:53:02', NULL, '2025-12-01 16:53:02', '2025-12-01 16:53:02'),
(220, '2001223039', 'CTXH_QK_003', 'ctxh', 53.5200, 'Được 7 thành viên khác tham gia. Match sở thích 50%', 0, '2025-12-01 16:53:02', NULL, '2025-12-01 16:53:02', '2025-12-01 16:53:02'),
(221, '2001223039', 'CTXH_QK_001', 'ctxh', 50.0000, 'Được 2 thành viên khác tham gia. Match sở thích 50%', 0, '2025-12-01 16:53:02', NULL, '2025-12-01 16:53:02', '2025-12-01 16:53:02'),
(222, '2001223040', 'DRL_QK_001', 'drl', 85.0000, 'Được 21 thành viên khác tham gia. Match sở thích 100%', 0, '2025-12-01 16:53:02', NULL, '2025-12-01 16:53:02', '2025-12-01 16:53:02'),
(223, '2001223040', 'DRL_QK_005', 'drl', 62.2100, 'Được 3 thành viên khác tham gia. Match sở thích 100%', 0, '2025-12-01 16:53:02', NULL, '2025-12-01 16:53:02', '2025-12-01 16:53:02'),
(224, '2001223040', 'DRL_QK_003', 'drl', 55.5200, 'Được 2 thành viên khác tham gia. Match sở thích 100%', 0, '2025-12-01 16:53:02', NULL, '2025-12-01 16:53:02', '2025-12-01 16:53:02'),
(225, '2001223040', 'DRL_QK_004', 'drl', 50.0000, 'Được 2 thành viên khác tham gia. Match sở thích 50%', 0, '2025-12-01 16:53:02', NULL, '2025-12-01 16:53:02', '2025-12-01 16:53:02'),
(226, '2001223040', 'DRL_TL_005', 'drl', 70.0000, 'Hoạt động phù hợp với sở thích của bạn (Match 100%)', 0, '2025-12-01 16:53:02', NULL, '2025-12-01 16:53:02', '2025-12-01 16:53:02'),
(227, '2001223040', 'CTXH_QK_004', 'ctxh', 50.0000, 'Được 9 thành viên khác tham gia', 0, '2025-12-01 16:53:02', NULL, '2025-12-01 16:53:02', '2025-12-01 16:53:02'),
(228, '2001223040', 'CTXH_QK_005', 'ctxh', 87.2800, 'Được 8 thành viên khác tham gia. Match sở thích 100%', 0, '2025-12-01 16:53:02', NULL, '2025-12-01 16:53:02', '2025-12-01 16:53:02'),
(229, '2001223040', 'CTXH_QK_003', 'ctxh', 53.5200, 'Được 7 thành viên khác tham gia. Match sở thích 50%', 0, '2025-12-01 16:53:02', NULL, '2025-12-01 16:53:02', '2025-12-01 16:53:02'),
(230, '2001223040', 'CTXH_QK_001', 'ctxh', 57.7800, 'Được 2 thành viên khác tham gia. Match sở thích 100%', 0, '2025-12-01 16:53:02', NULL, '2025-12-01 16:53:02', '2025-12-01 16:53:02'),
(231, '2001223040', 'CTXH_QK_005', 'ctxh', 82.3400, 'Hoạt động phù hợp với sở thích của bạn (Match 100%)', 0, '2025-12-01 16:53:02', NULL, '2025-12-01 16:53:02', '2025-12-01 16:53:02'),
(232, '2001223041', 'DRL_QK_005', 'drl', 62.4600, 'Được 3 thành viên khác tham gia. Match sở thích 100%', 0, '2025-12-01 16:53:02', NULL, '2025-12-01 16:53:02', '2025-12-01 16:53:02'),
(233, '2001223041', 'DRL_QK_003', 'drl', 55.6900, 'Được 2 thành viên khác tham gia. Match sở thích 100%', 0, '2025-12-01 16:53:02', NULL, '2025-12-01 16:53:02', '2025-12-01 16:53:02'),
(234, '2001223041', 'DRL_QK_004', 'drl', 50.0000, 'Được 2 thành viên khác tham gia. Match sở thích 50%', 0, '2025-12-01 16:53:02', NULL, '2025-12-01 16:53:02', '2025-12-01 16:53:02'),
(235, '2001223041', 'DRL_TL_005', 'drl', 70.0000, 'Hoạt động phù hợp với sở thích của bạn (Match 100%)', 0, '2025-12-01 16:53:02', NULL, '2025-12-01 16:53:02', '2025-12-01 16:53:02'),
(236, '2001223041', 'DRL_TL_004', 'drl', 70.0000, 'Hoạt động phù hợp với sở thích của bạn (Match 100%)', 0, '2025-12-01 16:53:02', NULL, '2025-12-01 16:53:02', '2025-12-01 16:53:02'),
(237, '2001223041', 'CTXH_QK_004', 'ctxh', 50.0000, 'Được 9 thành viên khác tham gia', 0, '2025-12-01 16:53:02', NULL, '2025-12-01 16:53:02', '2025-12-01 16:53:02'),
(238, '2001223041', 'CTXH_QK_005', 'ctxh', 62.2800, 'Được 8 thành viên khác tham gia. Match sở thích 50%', 0, '2025-12-01 16:53:02', NULL, '2025-12-01 16:53:02', '2025-12-01 16:53:02'),
(239, '2001223042', 'DRL_QK_005', 'drl', 62.4600, 'Được 3 thành viên khác tham gia. Match sở thích 100%', 0, '2025-12-01 16:53:02', NULL, '2025-12-01 16:53:02', '2025-12-01 16:53:02'),
(240, '2001223042', 'DRL_QK_004', 'drl', 50.0000, 'Được 2 thành viên khác tham gia. Match sở thích 50%', 0, '2025-12-01 16:53:02', NULL, '2025-12-01 16:53:02', '2025-12-01 16:53:02'),
(241, '2001223042', 'DRL_TL_005', 'drl', 70.0000, 'Hoạt động phù hợp với sở thích của bạn (Match 100%)', 0, '2025-12-01 16:53:02', NULL, '2025-12-01 16:53:02', '2025-12-01 16:53:02'),
(242, '2001223042', 'DRL_TL_004', 'drl', 70.0000, 'Hoạt động phù hợp với sở thích của bạn (Match 100%)', 0, '2025-12-01 16:53:02', NULL, '2025-12-01 16:53:02', '2025-12-01 16:53:02'),
(243, '2001223042', 'DRL_TL_001', 'drl', 99.3000, 'Hoạt động phù hợp với sở thích của bạn (Match 100%)', 0, '2025-12-01 16:53:02', NULL, '2025-12-01 16:53:02', '2025-12-01 16:53:02'),
(244, '2001223042', 'CTXH_QK_005', 'ctxh', 66.1700, 'Được 8 thành viên khác tham gia. Match sở thích 50%', 0, '2025-12-01 16:53:02', NULL, '2025-12-01 16:53:02', '2025-12-01 16:53:02'),
(245, '2001223042', 'CTXH_QK_003', 'ctxh', 56.9200, 'Được 7 thành viên khác tham gia. Match sở thích 50%', 0, '2025-12-01 16:53:02', NULL, '2025-12-01 16:53:02', '2025-12-01 16:53:02'),
(246, '2001223042', 'CTXH_QK_001', 'ctxh', 50.0000, 'Được 2 thành viên khác tham gia. Match sở thích 50%', 0, '2025-12-01 16:53:02', NULL, '2025-12-01 16:53:02', '2025-12-01 16:53:02'),
(247, '2001223043', 'DRL_QK_005', 'drl', 62.4600, 'Được 3 thành viên khác tham gia. Match sở thích 100%', 0, '2025-12-01 16:53:02', NULL, '2025-12-01 16:53:02', '2025-12-01 16:53:02'),
(248, '2001223043', 'DRL_QK_003', 'drl', 55.6900, 'Được 2 thành viên khác tham gia. Match sở thích 100%', 0, '2025-12-01 16:53:02', NULL, '2025-12-01 16:53:02', '2025-12-01 16:53:02'),
(249, '2001223043', 'DRL_TL_005', 'drl', 70.0000, 'Hoạt động phù hợp với sở thích của bạn (Match 100%)', 0, '2025-12-01 16:53:02', NULL, '2025-12-01 16:53:02', '2025-12-01 16:53:02'),
(250, '2001223043', 'DRL_TL_004', 'drl', 70.0000, 'Hoạt động phù hợp với sở thích của bạn (Match 100%)', 0, '2025-12-01 16:53:02', NULL, '2025-12-01 16:53:02', '2025-12-01 16:53:02'),
(251, '2001223043', 'DRL_TL_001', 'drl', 99.3000, 'Hoạt động phù hợp với sở thích của bạn (Match 100%)', 0, '2025-12-01 16:53:02', NULL, '2025-12-01 16:53:02', '2025-12-01 16:53:02'),
(252, '2001223043', 'CTXH_QK_005', 'ctxh', 66.1700, 'Được 8 thành viên khác tham gia. Match sở thích 50%', 0, '2025-12-01 16:53:02', NULL, '2025-12-01 16:53:02', '2025-12-01 16:53:02'),
(253, '2001223043', 'CTXH_QK_003', 'ctxh', 81.9200, 'Được 7 thành viên khác tham gia. Match sở thích 100%', 0, '2025-12-01 16:53:02', NULL, '2025-12-01 16:53:02', '2025-12-01 16:53:02'),
(254, '2001223043', 'CTXH_QK_001', 'ctxh', 50.0000, 'Được 2 thành viên khác tham gia. Match sở thích 50%', 0, '2025-12-01 16:53:02', NULL, '2025-12-01 16:53:02', '2025-12-01 16:53:02'),
(255, '2001223043', 'CTXH_TL_002', 'ctxh', 70.0000, 'Hoạt động phù hợp với sở thích của bạn (Match 100%)', 0, '2025-12-01 16:53:02', NULL, '2025-12-01 16:53:02', '2025-12-01 16:53:02'),
(256, '2001223043', 'CTXH_QK_003', 'ctxh', 72.5900, 'Hoạt động phù hợp với sở thích của bạn (Match 100%)', 0, '2025-12-01 16:53:02', NULL, '2025-12-01 16:53:02', '2025-12-01 16:53:02'),
(257, '2001223044', 'DRL_QK_003', 'drl', 55.5200, 'Được 2 thành viên khác tham gia. Match sở thích 100%', 0, '2025-12-01 16:53:02', NULL, '2025-12-01 16:53:02', '2025-12-01 16:53:02'),
(258, '2001223044', 'DRL_QK_004', 'drl', 58.1200, 'Được 2 thành viên khác tham gia. Match sở thích 100%', 0, '2025-12-01 16:53:02', NULL, '2025-12-01 16:53:02', '2025-12-01 16:53:02'),
(259, '2001223044', 'DRL_TL_005', 'drl', 70.0000, 'Hoạt động phù hợp với sở thích của bạn (Match 100%)', 0, '2025-12-01 16:53:02', NULL, '2025-12-01 16:53:02', '2025-12-01 16:53:02'),
(260, '2001223044', 'DRL_TL_004', 'drl', 70.0000, 'Hoạt động phù hợp với sở thích của bạn (Match 100%)', 0, '2025-12-01 16:53:02', NULL, '2025-12-01 16:53:02', '2025-12-01 16:53:02'),
(261, '2001223044', 'DRL-20251127-CA3L', 'drl', 70.0000, 'Hoạt động phù hợp với sở thích của bạn (Match 100%)', 0, '2025-12-01 16:53:02', NULL, '2025-12-01 16:53:02', '2025-12-01 16:53:02'),
(262, '2001223044', 'CTXH_QK_004', 'ctxh', 50.0000, 'Được 9 thành viên khác tham gia', 0, '2025-12-01 16:53:02', NULL, '2025-12-01 16:53:02', '2025-12-01 16:53:02'),
(263, '2001223044', 'CTXH_QK_003', 'ctxh', 53.5200, 'Được 7 thành viên khác tham gia. Match sở thích 50%', 0, '2025-12-01 16:53:02', NULL, '2025-12-01 16:53:02', '2025-12-01 16:53:02'),
(264, '2001223044', 'CTXH_QK_001', 'ctxh', 50.0000, 'Được 2 thành viên khác tham gia. Match sở thích 50%', 0, '2025-12-01 16:53:02', NULL, '2025-12-01 16:53:02', '2025-12-01 16:53:02'),
(265, '2001223044', 'CTXH_TL_004', 'ctxh', 70.0000, 'Hoạt động phù hợp với sở thích của bạn (Match 100%)', 0, '2025-12-01 16:53:02', NULL, '2025-12-01 16:53:02', '2025-12-01 16:53:02'),
(266, '2001223045', 'DRL_QK_005', 'drl', 62.4600, 'Được 3 thành viên khác tham gia. Match sở thích 100%', 0, '2025-12-01 16:53:02', NULL, '2025-12-01 16:53:02', '2025-12-01 16:53:02'),
(267, '2001223045', 'DRL_QK_003', 'drl', 55.6900, 'Được 2 thành viên khác tham gia. Match sở thích 100%', 0, '2025-12-01 16:53:02', NULL, '2025-12-01 16:53:02', '2025-12-01 16:53:02'),
(268, '2001223045', 'DRL_QK_004', 'drl', 50.0000, 'Được 2 thành viên khác tham gia. Match sở thích 50%', 0, '2025-12-01 16:53:02', NULL, '2025-12-01 16:53:02', '2025-12-01 16:53:02'),
(269, '2001223045', 'DRL_TL_005', 'drl', 70.0000, 'Hoạt động phù hợp với sở thích của bạn (Match 100%)', 0, '2025-12-01 16:53:02', NULL, '2025-12-01 16:53:02', '2025-12-01 16:53:02'),
(270, '2001223045', 'DRL_TL_004', 'drl', 70.0000, 'Hoạt động phù hợp với sở thích của bạn (Match 100%)', 0, '2025-12-01 16:53:02', NULL, '2025-12-01 16:53:02', '2025-12-01 16:53:02'),
(271, '2001223045', 'CTXH_QK_004', 'ctxh', 50.0000, 'Được 9 thành viên khác tham gia', 0, '2025-12-01 16:53:02', NULL, '2025-12-01 16:53:02', '2025-12-01 16:53:02'),
(272, '2001223045', 'CTXH_QK_003', 'ctxh', 53.5200, 'Được 7 thành viên khác tham gia. Match sở thích 50%', 0, '2025-12-01 16:53:02', NULL, '2025-12-01 16:53:02', '2025-12-01 16:53:02'),
(273, '2001223045', 'CTXH_QK_001', 'ctxh', 50.0000, 'Được 2 thành viên khác tham gia. Match sở thích 50%', 0, '2025-12-01 16:53:02', NULL, '2025-12-01 16:53:02', '2025-12-01 16:53:02'),
(274, '2001223046', 'DRL_TL_005', 'drl', 70.0000, 'Hoạt động phù hợp với sở thích của bạn (Match 100%)', 0, '2025-12-01 16:53:02', NULL, '2025-12-01 16:53:02', '2025-12-01 16:53:02'),
(275, '2001223046', 'DRL_TL_004', 'drl', 70.0000, 'Hoạt động phù hợp với sở thích của bạn (Match 100%)', 0, '2025-12-01 16:53:02', NULL, '2025-12-01 16:53:02', '2025-12-01 16:53:02'),
(276, '2001223046', 'DRL_TL_001', 'drl', 99.3000, 'Hoạt động phù hợp với sở thích của bạn (Match 100%)', 0, '2025-12-01 16:53:02', NULL, '2025-12-01 16:53:02', '2025-12-01 16:53:02'),
(277, '2001223046', 'DRL_QK_005', 'drl', 84.4200, 'Hoạt động phù hợp với sở thích của bạn (Match 100%)', 0, '2025-12-01 16:53:02', NULL, '2025-12-01 16:53:02', '2025-12-01 16:53:02');
INSERT INTO `activity_recommendations` (`id`, `MSSV`, `MaHoatDong`, `activity_type`, `recommendation_score`, `recommendation_reason`, `priority`, `recommended_at`, `viewed_at`, `created_at`, `updated_at`) VALUES
(278, '2001223046', 'DRL_QK_003', 'drl', 74.3800, 'Hoạt động phù hợp với sở thích của bạn (Match 100%)', 0, '2025-12-01 16:53:02', NULL, '2025-12-01 16:53:02', '2025-12-01 16:53:02'),
(279, '2001223047', 'DRL_QK_001', 'drl', 85.0000, 'Được 21 thành viên khác tham gia. Match sở thích 100%', 0, '2025-12-01 16:53:02', NULL, '2025-12-01 16:53:02', '2025-12-01 16:53:02'),
(280, '2001223047', 'DRL_QK_005', 'drl', 62.2100, 'Được 3 thành viên khác tham gia. Match sở thích 100%', 0, '2025-12-01 16:53:02', NULL, '2025-12-01 16:53:02', '2025-12-01 16:53:02'),
(281, '2001223047', 'DRL_QK_003', 'drl', 55.5200, 'Được 2 thành viên khác tham gia. Match sở thích 100%', 0, '2025-12-01 16:53:02', NULL, '2025-12-01 16:53:02', '2025-12-01 16:53:02'),
(282, '2001223047', 'DRL_QK_004', 'drl', 50.0000, 'Được 2 thành viên khác tham gia. Match sở thích 50%', 0, '2025-12-01 16:53:02', NULL, '2025-12-01 16:53:02', '2025-12-01 16:53:02'),
(283, '2001223047', 'DRL_TL_005', 'drl', 70.0000, 'Hoạt động phù hợp với sở thích của bạn (Match 100%)', 0, '2025-12-01 16:53:02', NULL, '2025-12-01 16:53:02', '2025-12-01 16:53:02'),
(284, '2001223047', 'CTXH_QK_004', 'ctxh', 50.0000, 'Được 9 thành viên khác tham gia', 0, '2025-12-01 16:53:02', NULL, '2025-12-01 16:53:02', '2025-12-01 16:53:02'),
(285, '2001223047', 'CTXH_QK_005', 'ctxh', 62.2800, 'Được 8 thành viên khác tham gia. Match sở thích 50%', 0, '2025-12-01 16:53:02', NULL, '2025-12-01 16:53:02', '2025-12-01 16:53:02'),
(286, '2001223047', 'CTXH_QK_003', 'ctxh', 53.5200, 'Được 7 thành viên khác tham gia. Match sở thích 50%', 0, '2025-12-01 16:53:02', NULL, '2025-12-01 16:53:02', '2025-12-01 16:53:02'),
(287, '2001223047', 'CTXH_QK_001', 'ctxh', 50.0000, 'Được 2 thành viên khác tham gia. Match sở thích 50%', 0, '2025-12-01 16:53:02', NULL, '2025-12-01 16:53:02', '2025-12-01 16:53:02'),
(288, '2001223048', 'DRL_QK_001', 'drl', 85.0000, 'Được 21 thành viên khác tham gia. Match sở thích 100%', 0, '2025-12-01 16:53:02', NULL, '2025-12-01 16:53:02', '2025-12-01 16:53:02'),
(289, '2001223048', 'DRL_QK_005', 'drl', 62.2100, 'Được 3 thành viên khác tham gia. Match sở thích 100%', 0, '2025-12-01 16:53:02', NULL, '2025-12-01 16:53:02', '2025-12-01 16:53:02'),
(290, '2001223048', 'DRL_QK_003', 'drl', 55.5200, 'Được 2 thành viên khác tham gia. Match sở thích 100%', 0, '2025-12-01 16:53:02', NULL, '2025-12-01 16:53:02', '2025-12-01 16:53:02'),
(291, '2001223048', 'DRL_QK_004', 'drl', 50.0000, 'Được 2 thành viên khác tham gia. Match sở thích 50%', 0, '2025-12-01 16:53:02', NULL, '2025-12-01 16:53:02', '2025-12-01 16:53:02'),
(292, '2001223048', 'DRL_TL_005', 'drl', 70.0000, 'Hoạt động phù hợp với sở thích của bạn (Match 100%)', 0, '2025-12-01 16:53:02', NULL, '2025-12-01 16:53:02', '2025-12-01 16:53:02'),
(293, '2001223048', 'CTXH_QK_004', 'ctxh', 50.0000, 'Được 9 thành viên khác tham gia', 0, '2025-12-01 16:53:02', NULL, '2025-12-01 16:53:02', '2025-12-01 16:53:02'),
(294, '2001223048', 'CTXH_QK_005', 'ctxh', 87.2800, 'Được 8 thành viên khác tham gia. Match sở thích 100%', 0, '2025-12-01 16:53:02', NULL, '2025-12-01 16:53:02', '2025-12-01 16:53:02'),
(295, '2001223048', 'CTXH_QK_003', 'ctxh', 53.5200, 'Được 7 thành viên khác tham gia. Match sở thích 50%', 0, '2025-12-01 16:53:02', NULL, '2025-12-01 16:53:02', '2025-12-01 16:53:02'),
(296, '2001223048', 'CTXH_QK_001', 'ctxh', 57.7800, 'Được 2 thành viên khác tham gia. Match sở thích 100%', 0, '2025-12-01 16:53:02', NULL, '2025-12-01 16:53:02', '2025-12-01 16:53:02'),
(297, '2001223048', 'CTXH_QK_005', 'ctxh', 82.3400, 'Hoạt động phù hợp với sở thích của bạn (Match 100%)', 0, '2025-12-01 16:53:02', NULL, '2025-12-01 16:53:02', '2025-12-01 16:53:02'),
(298, '2001223049', 'DRL_QK_001', 'drl', 85.0000, 'Được 21 thành viên khác tham gia. Match sở thích 100%', 0, '2025-12-01 16:53:02', NULL, '2025-12-01 16:53:02', '2025-12-01 16:53:02'),
(299, '2001223049', 'DRL_QK_005', 'drl', 62.2100, 'Được 3 thành viên khác tham gia. Match sở thích 100%', 0, '2025-12-01 16:53:02', NULL, '2025-12-01 16:53:02', '2025-12-01 16:53:02'),
(300, '2001223049', 'DRL_QK_003', 'drl', 55.5200, 'Được 2 thành viên khác tham gia. Match sở thích 100%', 0, '2025-12-01 16:53:02', NULL, '2025-12-01 16:53:02', '2025-12-01 16:53:02'),
(301, '2001223049', 'DRL_QK_004', 'drl', 50.0000, 'Được 2 thành viên khác tham gia. Match sở thích 50%', 0, '2025-12-01 16:53:02', NULL, '2025-12-01 16:53:02', '2025-12-01 16:53:02'),
(302, '2001223049', 'DRL_TL_005', 'drl', 70.0000, 'Hoạt động phù hợp với sở thích của bạn (Match 100%)', 0, '2025-12-01 16:53:02', NULL, '2025-12-01 16:53:02', '2025-12-01 16:53:02'),
(303, '2001223049', 'CTXH_QK_004', 'ctxh', 50.0000, 'Được 9 thành viên khác tham gia', 0, '2025-12-01 16:53:02', NULL, '2025-12-01 16:53:02', '2025-12-01 16:53:02'),
(304, '2001223049', 'CTXH_QK_005', 'ctxh', 62.2800, 'Được 8 thành viên khác tham gia. Match sở thích 50%', 0, '2025-12-01 16:53:02', NULL, '2025-12-01 16:53:02', '2025-12-01 16:53:02'),
(305, '2001223049', 'CTXH_QK_003', 'ctxh', 53.5200, 'Được 7 thành viên khác tham gia. Match sở thích 50%', 0, '2025-12-01 16:53:03', NULL, '2025-12-01 16:53:03', '2025-12-01 16:53:03'),
(306, '2001223049', 'CTXH_QK_001', 'ctxh', 50.0000, 'Được 2 thành viên khác tham gia. Match sở thích 50%', 0, '2025-12-01 16:53:03', NULL, '2025-12-01 16:53:03', '2025-12-01 16:53:03'),
(307, '2001223050', 'DRL_QK_001', 'drl', 85.0000, 'Được 21 thành viên khác tham gia. Match sở thích 100%', 0, '2025-12-01 16:53:03', NULL, '2025-12-01 16:53:03', '2025-12-01 16:53:03'),
(308, '2001223050', 'DRL_QK_005', 'drl', 62.2100, 'Được 3 thành viên khác tham gia. Match sở thích 100%', 0, '2025-12-01 16:53:03', NULL, '2025-12-01 16:53:03', '2025-12-01 16:53:03'),
(309, '2001223050', 'DRL_QK_003', 'drl', 55.5200, 'Được 2 thành viên khác tham gia. Match sở thích 100%', 0, '2025-12-01 16:53:03', NULL, '2025-12-01 16:53:03', '2025-12-01 16:53:03'),
(310, '2001223050', 'DRL_QK_004', 'drl', 50.0000, 'Được 2 thành viên khác tham gia. Match sở thích 50%', 0, '2025-12-01 16:53:03', NULL, '2025-12-01 16:53:03', '2025-12-01 16:53:03'),
(311, '2001223050', 'DRL_TL_005', 'drl', 70.0000, 'Hoạt động phù hợp với sở thích của bạn (Match 100%)', 0, '2025-12-01 16:53:03', NULL, '2025-12-01 16:53:03', '2025-12-01 16:53:03'),
(312, '2001223050', 'CTXH_QK_004', 'ctxh', 50.0000, 'Được 9 thành viên khác tham gia', 0, '2025-12-01 16:53:03', NULL, '2025-12-01 16:53:03', '2025-12-01 16:53:03'),
(313, '2001223050', 'CTXH_QK_005', 'ctxh', 62.2800, 'Được 8 thành viên khác tham gia. Match sở thích 50%', 0, '2025-12-01 16:53:03', NULL, '2025-12-01 16:53:03', '2025-12-01 16:53:03'),
(314, '2001223050', 'CTXH_QK_003', 'ctxh', 53.5200, 'Được 7 thành viên khác tham gia. Match sở thích 50%', 0, '2025-12-01 16:53:03', NULL, '2025-12-01 16:53:03', '2025-12-01 16:53:03'),
(315, '2001223050', 'CTXH_QK_001', 'ctxh', 50.0000, 'Được 2 thành viên khác tham gia. Match sở thích 50%', 0, '2025-12-01 16:53:03', NULL, '2025-12-01 16:53:03', '2025-12-01 16:53:03'),
(316, '2001223051', 'DRL_TL_003', 'drl', 70.0000, 'Hoạt động phù hợp với sở thích của bạn (Match 100%)', 0, '2025-12-01 16:53:03', NULL, '2025-12-01 16:53:03', '2025-12-01 16:53:03'),
(317, '2001223051', 'DRL_TL_002', 'drl', 70.0000, 'Hoạt động phù hợp với sở thích của bạn (Match 100%)', 0, '2025-12-01 16:53:03', NULL, '2025-12-01 16:53:03', '2025-12-01 16:53:03'),
(318, '2001223051', 'DRL_QK_002', 'drl', 70.0000, 'Hoạt động phù hợp với sở thích của bạn (Match 100%)', 0, '2025-12-01 16:53:03', NULL, '2025-12-01 16:53:03', '2025-12-01 16:53:03'),
(319, '2001223051', 'CTXH_QK_001', 'ctxh', 50.0000, 'Được 4 thành viên khác tham gia', 0, '2025-12-01 16:53:03', NULL, '2025-12-01 16:53:03', '2025-12-01 16:53:03'),
(320, '2001223051', 'CTXH_QK_004', 'ctxh', 50.0000, 'Được 3 thành viên khác tham gia', 0, '2025-12-01 16:53:03', NULL, '2025-12-01 16:53:03', '2025-12-01 16:53:03'),
(321, '2001223051', 'CTXH_QK_005', 'ctxh', 50.0000, 'Được 3 thành viên khác tham gia', 0, '2025-12-01 16:53:03', NULL, '2025-12-01 16:53:03', '2025-12-01 16:53:03'),
(322, '2001223052', 'DRL_TL_002', 'drl', 70.0000, 'Hoạt động phù hợp với sở thích của bạn (Match 100%)', 0, '2025-12-01 16:53:03', NULL, '2025-12-01 16:53:03', '2025-12-01 16:53:03'),
(323, '2001223052', 'DRL_QK_002', 'drl', 70.0000, 'Hoạt động phù hợp với sở thích của bạn (Match 100%)', 0, '2025-12-01 16:53:03', NULL, '2025-12-01 16:53:03', '2025-12-01 16:53:03'),
(324, '2001223052', 'CTXH_QK_001', 'ctxh', 50.0000, 'Được 4 thành viên khác tham gia', 0, '2025-12-01 16:53:03', NULL, '2025-12-01 16:53:03', '2025-12-01 16:53:03'),
(325, '2001223052', 'CTXH_QK_005', 'ctxh', 50.0000, 'Được 3 thành viên khác tham gia', 0, '2025-12-01 16:53:03', NULL, '2025-12-01 16:53:03', '2025-12-01 16:53:03'),
(326, '2001223053', 'DRL_TL_002', 'drl', 70.0000, 'Hoạt động phù hợp với sở thích của bạn (Match 100%)', 0, '2025-12-01 16:53:03', NULL, '2025-12-01 16:53:03', '2025-12-01 16:53:03'),
(327, '2001223053', 'DRL_QK_002', 'drl', 70.0000, 'Hoạt động phù hợp với sở thích của bạn (Match 100%)', 0, '2025-12-01 16:53:03', NULL, '2025-12-01 16:53:03', '2025-12-01 16:53:03'),
(328, '2001223053', 'CTXH_QK_001', 'ctxh', 50.0000, 'Được 4 thành viên khác tham gia', 0, '2025-12-01 16:53:03', NULL, '2025-12-01 16:53:03', '2025-12-01 16:53:03'),
(329, '2001223053', 'CTXH_QK_002', 'ctxh', 50.0000, 'Được 3 thành viên khác tham gia', 0, '2025-12-01 16:53:03', NULL, '2025-12-01 16:53:03', '2025-12-01 16:53:03'),
(330, '2001223053', 'CTXH_QK_005', 'ctxh', 50.0000, 'Được 3 thành viên khác tham gia', 0, '2025-12-01 16:53:03', NULL, '2025-12-01 16:53:03', '2025-12-01 16:53:03'),
(331, '2001223054', 'DRL_TL_002', 'drl', 70.0000, 'Hoạt động phù hợp với sở thích của bạn (Match 100%)', 0, '2025-12-01 16:53:03', NULL, '2025-12-01 16:53:03', '2025-12-01 16:53:03'),
(332, '2001223054', 'DRL_QK_002', 'drl', 70.0000, 'Hoạt động phù hợp với sở thích của bạn (Match 100%)', 0, '2025-12-01 16:53:03', NULL, '2025-12-01 16:53:03', '2025-12-01 16:53:03'),
(333, '2001223054', 'CTXH_QK_001', 'ctxh', 50.0000, 'Được 4 thành viên khác tham gia', 0, '2025-12-01 16:53:03', NULL, '2025-12-01 16:53:03', '2025-12-01 16:53:03'),
(334, '2001223054', 'CTXH_QK_002', 'ctxh', 50.0000, 'Được 3 thành viên khác tham gia', 0, '2025-12-01 16:53:03', NULL, '2025-12-01 16:53:03', '2025-12-01 16:53:03'),
(335, '2001223054', 'CTXH_QK_004', 'ctxh', 54.3800, 'Được 3 thành viên khác tham gia. Match sở thích 50%', 0, '2025-12-01 16:53:03', NULL, '2025-12-01 16:53:03', '2025-12-01 16:53:03'),
(336, '2001223054', 'CTXH_TL_005', 'ctxh', 70.0000, 'Hoạt động phù hợp với sở thích của bạn (Match 100%)', 0, '2025-12-01 16:53:03', NULL, '2025-12-01 16:53:03', '2025-12-01 16:53:03'),
(337, '2001223055', 'DRL_TL_005', 'drl', 70.0000, 'Hoạt động phù hợp với sở thích của bạn (Match 100%)', 0, '2025-12-01 16:53:03', NULL, '2025-12-01 16:53:03', '2025-12-01 16:53:03'),
(338, '2001223055', 'DRL_TL_004', 'drl', 70.0000, 'Hoạt động phù hợp với sở thích của bạn (Match 100%)', 0, '2025-12-01 16:53:03', NULL, '2025-12-01 16:53:03', '2025-12-01 16:53:03'),
(339, '2001223055', 'DRL_TL_002', 'drl', 70.0000, 'Hoạt động phù hợp với sở thích của bạn (Match 100%)', 0, '2025-12-01 16:53:03', NULL, '2025-12-01 16:53:03', '2025-12-01 16:53:03'),
(340, '2001223055', 'DRL_TL_001', 'drl', 99.3000, 'Hoạt động phù hợp với sở thích của bạn (Match 100%)', 0, '2025-12-01 16:53:03', NULL, '2025-12-01 16:53:03', '2025-12-01 16:53:03'),
(341, '2001223055', 'DRL_QK_005', 'drl', 84.4200, 'Hoạt động phù hợp với sở thích của bạn (Match 100%)', 0, '2025-12-01 16:53:03', NULL, '2025-12-01 16:53:03', '2025-12-01 16:53:03'),
(342, '2001223055', 'CTXH_QK_001', 'ctxh', 60.0000, 'Được 4 thành viên khác tham gia. Match sở thích 50%', 0, '2025-12-01 16:53:03', NULL, '2025-12-01 16:53:03', '2025-12-01 16:53:03'),
(343, '2001223055', 'CTXH_QK_002', 'ctxh', 51.2500, 'Được 3 thành viên khác tham gia. Match sở thích 50%', 0, '2025-12-01 16:53:03', NULL, '2025-12-01 16:53:03', '2025-12-01 16:53:03'),
(344, '2001223055', 'CTXH_QK_004', 'ctxh', 50.0000, 'Được 3 thành viên khác tham gia', 0, '2025-12-01 16:53:03', NULL, '2025-12-01 16:53:03', '2025-12-01 16:53:03'),
(345, '2001223056', 'DRL_QK_001', 'drl', 50.0000, 'Được 9 thành viên khác tham gia', 0, '2025-12-01 16:53:03', NULL, '2025-12-01 16:53:03', '2025-12-01 16:53:03'),
(346, '2001223056', 'DRL_TL_002', 'drl', 70.0000, 'Hoạt động phù hợp với sở thích của bạn (Match 100%)', 0, '2025-12-01 16:53:03', NULL, '2025-12-01 16:53:03', '2025-12-01 16:53:03'),
(347, '2001223056', 'DRL_QK_002', 'drl', 70.0000, 'Hoạt động phù hợp với sở thích của bạn (Match 100%)', 0, '2025-12-01 16:53:03', NULL, '2025-12-01 16:53:03', '2025-12-01 16:53:03'),
(348, '2001223056', 'CTXH_QK_001', 'ctxh', 50.0000, 'Được 4 thành viên khác tham gia', 0, '2025-12-01 16:53:03', NULL, '2025-12-01 16:53:03', '2025-12-01 16:53:03'),
(349, '2001223056', 'CTXH_QK_002', 'ctxh', 50.0000, 'Được 3 thành viên khác tham gia', 0, '2025-12-01 16:53:03', NULL, '2025-12-01 16:53:03', '2025-12-01 16:53:03'),
(350, '2001223056', 'CTXH_QK_004', 'ctxh', 50.0000, 'Được 3 thành viên khác tham gia', 0, '2025-12-01 16:53:03', NULL, '2025-12-01 16:53:03', '2025-12-01 16:53:03'),
(351, '2001223056', 'CTXH_QK_005', 'ctxh', 50.0000, 'Được 3 thành viên khác tham gia', 0, '2025-12-01 16:53:03', NULL, '2025-12-01 16:53:03', '2025-12-01 16:53:03'),
(352, '2001223057', 'DRL_QK_001', 'drl', 50.0000, 'Được 9 thành viên khác tham gia', 0, '2025-12-01 16:53:03', NULL, '2025-12-01 16:53:03', '2025-12-01 16:53:03'),
(353, '2001223057', 'DRL_TL_002', 'drl', 70.0000, 'Hoạt động phù hợp với sở thích của bạn (Match 100%)', 0, '2025-12-01 16:53:03', NULL, '2025-12-01 16:53:03', '2025-12-01 16:53:03'),
(354, '2001223057', 'DRL_QK_002', 'drl', 70.0000, 'Hoạt động phù hợp với sở thích của bạn (Match 100%)', 0, '2025-12-01 16:53:03', NULL, '2025-12-01 16:53:03', '2025-12-01 16:53:03'),
(355, '2001223057', 'CTXH_QK_001', 'ctxh', 50.0000, 'Được 4 thành viên khác tham gia', 0, '2025-12-01 16:53:03', NULL, '2025-12-01 16:53:03', '2025-12-01 16:53:03'),
(356, '2001223057', 'CTXH_QK_002', 'ctxh', 50.0000, 'Được 3 thành viên khác tham gia', 0, '2025-12-01 16:53:03', NULL, '2025-12-01 16:53:03', '2025-12-01 16:53:03'),
(357, '2001223057', 'CTXH_QK_004', 'ctxh', 54.3800, 'Được 3 thành viên khác tham gia. Match sở thích 50%', 0, '2025-12-01 16:53:03', NULL, '2025-12-01 16:53:03', '2025-12-01 16:53:03'),
(358, '2001223057', 'CTXH_QK_005', 'ctxh', 50.0000, 'Được 3 thành viên khác tham gia', 0, '2025-12-01 16:53:03', NULL, '2025-12-01 16:53:03', '2025-12-01 16:53:03'),
(359, '2001223057', 'CTXH_TL_005', 'ctxh', 70.0000, 'Hoạt động phù hợp với sở thích của bạn (Match 100%)', 0, '2025-12-01 16:53:03', NULL, '2025-12-01 16:53:03', '2025-12-01 16:53:03'),
(360, '2001223058', 'DRL_QK_001', 'drl', 85.0000, 'Được 9 thành viên khác tham gia. Match sở thích 100%', 0, '2025-12-01 16:53:03', NULL, '2025-12-01 16:53:03', '2025-12-01 16:53:03'),
(361, '2001223058', 'DRL_TL_005', 'drl', 70.0000, 'Hoạt động phù hợp với sở thích của bạn (Match 100%)', 0, '2025-12-01 16:53:03', NULL, '2025-12-01 16:53:03', '2025-12-01 16:53:03'),
(362, '2001223058', 'DRL_TL_004', 'drl', 70.0000, 'Hoạt động phù hợp với sở thích của bạn (Match 100%)', 0, '2025-12-01 16:53:03', NULL, '2025-12-01 16:53:03', '2025-12-01 16:53:03'),
(363, '2001223058', 'DRL_TL_002', 'drl', 70.0000, 'Hoạt động phù hợp với sở thích của bạn (Match 100%)', 0, '2025-12-01 16:53:03', NULL, '2025-12-01 16:53:03', '2025-12-01 16:53:03'),
(364, '2001223058', 'DRL_TL_001', 'drl', 99.3000, 'Hoạt động phù hợp với sở thích của bạn (Match 100%)', 0, '2025-12-01 16:53:03', NULL, '2025-12-01 16:53:03', '2025-12-01 16:53:03'),
(365, '2001223058', 'CTXH_QK_001', 'ctxh', 60.0000, 'Được 4 thành viên khác tham gia. Match sở thích 50%', 0, '2025-12-01 16:53:03', NULL, '2025-12-01 16:53:03', '2025-12-01 16:53:03'),
(366, '2001223058', 'CTXH_QK_002', 'ctxh', 51.2500, 'Được 3 thành viên khác tham gia. Match sở thích 50%', 0, '2025-12-01 16:53:03', NULL, '2025-12-01 16:53:03', '2025-12-01 16:53:03'),
(367, '2001223058', 'CTXH_QK_004', 'ctxh', 50.0000, 'Được 3 thành viên khác tham gia', 0, '2025-12-01 16:53:03', NULL, '2025-12-01 16:53:03', '2025-12-01 16:53:03'),
(368, '2001223058', 'CTXH_QK_005', 'ctxh', 57.4200, 'Được 3 thành viên khác tham gia. Match sở thích 50%', 0, '2025-12-01 16:53:03', NULL, '2025-12-01 16:53:03', '2025-12-01 16:53:03'),
(369, '2001223059', 'DRL_QK_001', 'drl', 50.0000, 'Được 9 thành viên khác tham gia', 0, '2025-12-01 16:53:03', NULL, '2025-12-01 16:53:03', '2025-12-01 16:53:03'),
(370, '2001223059', 'DRL_TL_002', 'drl', 70.0000, 'Hoạt động phù hợp với sở thích của bạn (Match 100%)', 0, '2025-12-01 16:53:03', NULL, '2025-12-01 16:53:03', '2025-12-01 16:53:03'),
(371, '2001223059', 'DRL_QK_002', 'drl', 70.0000, 'Hoạt động phù hợp với sở thích của bạn (Match 100%)', 0, '2025-12-01 16:53:03', NULL, '2025-12-01 16:53:03', '2025-12-01 16:53:03'),
(372, '2001223059', 'CTXH_QK_001', 'ctxh', 50.0000, 'Được 4 thành viên khác tham gia', 0, '2025-12-01 16:53:03', NULL, '2025-12-01 16:53:03', '2025-12-01 16:53:03'),
(373, '2001223059', 'CTXH_QK_002', 'ctxh', 50.0000, 'Được 3 thành viên khác tham gia', 0, '2025-12-01 16:53:03', NULL, '2025-12-01 16:53:03', '2025-12-01 16:53:03'),
(374, '2001223059', 'CTXH_QK_004', 'ctxh', 50.0000, 'Được 3 thành viên khác tham gia', 0, '2025-12-01 16:53:03', NULL, '2025-12-01 16:53:03', '2025-12-01 16:53:03'),
(375, '2001223059', 'CTXH_QK_005', 'ctxh', 50.0000, 'Được 3 thành viên khác tham gia', 0, '2025-12-01 16:53:03', NULL, '2025-12-01 16:53:03', '2025-12-01 16:53:03'),
(376, '2001223060', 'DRL_QK_001', 'drl', 50.0000, 'Được 9 thành viên khác tham gia', 0, '2025-12-01 16:53:03', NULL, '2025-12-01 16:53:03', '2025-12-01 16:53:03'),
(377, '2001223060', 'DRL_TL_002', 'drl', 70.0000, 'Hoạt động phù hợp với sở thích của bạn (Match 100%)', 0, '2025-12-01 16:53:03', NULL, '2025-12-01 16:53:03', '2025-12-01 16:53:03'),
(378, '2001223060', 'DRL_QK_002', 'drl', 70.0000, 'Hoạt động phù hợp với sở thích của bạn (Match 100%)', 0, '2025-12-01 16:53:03', NULL, '2025-12-01 16:53:03', '2025-12-01 16:53:03'),
(379, '2001223060', 'CTXH_QK_001', 'ctxh', 50.0000, 'Được 4 thành viên khác tham gia', 0, '2025-12-01 16:53:03', NULL, '2025-12-01 16:53:03', '2025-12-01 16:53:03'),
(380, '2001223060', 'CTXH_QK_002', 'ctxh', 50.0000, 'Được 3 thành viên khác tham gia', 0, '2025-12-01 16:53:03', NULL, '2025-12-01 16:53:03', '2025-12-01 16:53:03'),
(381, '2001223060', 'CTXH_QK_004', 'ctxh', 50.0000, 'Được 3 thành viên khác tham gia', 0, '2025-12-01 16:53:03', NULL, '2025-12-01 16:53:03', '2025-12-01 16:53:03'),
(382, '2001223060', 'CTXH_QK_005', 'ctxh', 50.0000, 'Được 3 thành viên khác tham gia', 0, '2025-12-01 16:53:03', NULL, '2025-12-01 16:53:03', '2025-12-01 16:53:03'),
(383, '2001223061', 'DRL_QK_002', 'drl', 50.0000, 'Được 3 thành viên khác tham gia', 0, '2025-12-01 16:53:03', NULL, '2025-12-01 16:53:03', '2025-12-01 16:53:03'),
(384, '2001223061', 'DRL-20251127-CA3L', 'drl', 70.0000, 'Hoạt động phù hợp với sở thích của bạn (Match 100%)', 0, '2025-12-01 16:53:03', NULL, '2025-12-01 16:53:03', '2025-12-01 16:53:03'),
(385, '2001223061', 'CTXH_QK_004', 'ctxh', 50.0000, 'Được 6 thành viên khác tham gia', 0, '2025-12-01 16:53:03', NULL, '2025-12-01 16:53:03', '2025-12-01 16:53:03'),
(386, '2001223061', 'CTXH_QK_005', 'ctxh', 50.0000, 'Được 4 thành viên khác tham gia', 0, '2025-12-01 16:53:03', NULL, '2025-12-01 16:53:03', '2025-12-01 16:53:03'),
(387, '2001223061', 'CTXH_QK_001', 'ctxh', 50.0000, 'Được 3 thành viên khác tham gia', 0, '2025-12-01 16:53:03', NULL, '2025-12-01 16:53:03', '2025-12-01 16:53:03'),
(388, '2001223062', 'DRL_QK_002', 'drl', 50.0000, 'Được 3 thành viên khác tham gia', 0, '2025-12-01 16:53:03', NULL, '2025-12-01 16:53:03', '2025-12-01 16:53:03'),
(389, '2001223062', 'DRL-20251127-CA3L', 'drl', 70.0000, 'Hoạt động phù hợp với sở thích của bạn (Match 100%)', 0, '2025-12-01 16:53:03', NULL, '2025-12-01 16:53:03', '2025-12-01 16:53:03'),
(390, '2001223062', 'CTXH_QK_005', 'ctxh', 50.0000, 'Được 4 thành viên khác tham gia', 0, '2025-12-01 16:53:03', NULL, '2025-12-01 16:53:03', '2025-12-01 16:53:03'),
(391, '2001223062', 'CTXH_QK_001', 'ctxh', 50.0000, 'Được 3 thành viên khác tham gia', 0, '2025-12-01 16:53:03', NULL, '2025-12-01 16:53:03', '2025-12-01 16:53:03'),
(392, '2001223063', 'DRL_QK_005', 'drl', 62.2100, 'Được 3 thành viên khác tham gia. Match sở thích 100%', 0, '2025-12-01 16:53:03', NULL, '2025-12-01 16:53:03', '2025-12-01 16:53:03'),
(393, '2001223063', 'DRL_QK_003', 'drl', 55.5200, 'Được 2 thành viên khác tham gia. Match sở thích 100%', 0, '2025-12-01 16:53:03', NULL, '2025-12-01 16:53:03', '2025-12-01 16:53:03'),
(394, '2001223063', 'DRL_QK_004', 'drl', 58.1200, 'Được 2 thành viên khác tham gia. Match sở thích 100%', 0, '2025-12-01 16:53:03', NULL, '2025-12-01 16:53:03', '2025-12-01 16:53:03'),
(395, '2001223063', 'DRL_TL_005', 'drl', 70.0000, 'Hoạt động phù hợp với sở thích của bạn (Match 100%)', 0, '2025-12-01 16:53:03', NULL, '2025-12-01 16:53:03', '2025-12-01 16:53:03'),
(396, '2001223063', 'DRL_TL_004', 'drl', 70.0000, 'Hoạt động phù hợp với sở thích của bạn (Match 100%)', 0, '2025-12-01 16:53:03', NULL, '2025-12-01 16:53:03', '2025-12-01 16:53:03'),
(397, '2001223063', 'CTXH_QK_005', 'ctxh', 66.1700, 'Được 8 thành viên khác tham gia. Match sở thích 50%', 0, '2025-12-01 16:53:03', NULL, '2025-12-01 16:53:03', '2025-12-01 16:53:03'),
(398, '2001223063', 'CTXH_QK_003', 'ctxh', 56.9200, 'Được 7 thành viên khác tham gia. Match sở thích 50%', 0, '2025-12-01 16:53:03', NULL, '2025-12-01 16:53:03', '2025-12-01 16:53:03'),
(399, '2001223063', 'CTXH_QK_001', 'ctxh', 50.0000, 'Được 2 thành viên khác tham gia. Match sở thích 50%', 0, '2025-12-01 16:53:03', NULL, '2025-12-01 16:53:03', '2025-12-01 16:53:03'),
(400, '2001223063', 'CTXH_TL_004', 'ctxh', 70.0000, 'Hoạt động phù hợp với sở thích của bạn (Match 100%)', 0, '2025-12-01 16:53:03', NULL, '2025-12-01 16:53:03', '2025-12-01 16:53:03'),
(401, '2001223064', 'DRL_QK_002', 'drl', 50.0000, 'Được 3 thành viên khác tham gia', 0, '2025-12-01 16:53:03', NULL, '2025-12-01 16:53:03', '2025-12-01 16:53:03'),
(402, '2001223064', 'DRL_TL_003', 'drl', 70.0000, 'Hoạt động phù hợp với sở thích của bạn (Match 100%)', 0, '2025-12-01 16:53:03', NULL, '2025-12-01 16:53:03', '2025-12-01 16:53:03'),
(403, '2001223064', 'DRL-20251127-CA3L', 'drl', 70.0000, 'Hoạt động phù hợp với sở thích của bạn (Match 100%)', 0, '2025-12-01 16:53:03', NULL, '2025-12-01 16:53:03', '2025-12-01 16:53:03'),
(404, '2001223064', 'CTXH_QK_004', 'ctxh', 50.0000, 'Được 6 thành viên khác tham gia', 0, '2025-12-01 16:53:03', NULL, '2025-12-01 16:53:03', '2025-12-01 16:53:03'),
(405, '2001223064', 'CTXH_QK_001', 'ctxh', 50.0000, 'Được 3 thành viên khác tham gia', 0, '2025-12-01 16:53:03', NULL, '2025-12-01 16:53:03', '2025-12-01 16:53:03'),
(406, '2001223065', 'DRL_QK_002', 'drl', 58.0800, 'Được 3 thành viên khác tham gia. Match sở thích 100%', 0, '2025-12-01 16:53:03', NULL, '2025-12-01 16:53:03', '2025-12-01 16:53:03'),
(407, '2001223065', 'DRL_TL_002', 'drl', 70.0000, 'Hoạt động phù hợp với sở thích của bạn (Match 100%)', 0, '2025-12-01 16:53:03', NULL, '2025-12-01 16:53:03', '2025-12-01 16:53:03'),
(408, '2001223065', 'DRL-20251127-CA3L', 'drl', 70.0000, 'Hoạt động phù hợp với sở thích của bạn (Match 100%)', 0, '2025-12-01 16:53:03', NULL, '2025-12-01 16:53:03', '2025-12-01 16:53:03'),
(409, '2001223065', 'DRL_QK_002', 'drl', 70.0000, 'Hoạt động phù hợp với sở thích của bạn (Match 100%)', 0, '2025-12-01 16:53:03', NULL, '2025-12-01 16:53:03', '2025-12-01 16:53:03'),
(410, '2001223065', 'CTXH_QK_004', 'ctxh', 50.0000, 'Được 6 thành viên khác tham gia', 0, '2025-12-01 16:53:03', NULL, '2025-12-01 16:53:03', '2025-12-01 16:53:03'),
(411, '2001223065', 'CTXH_QK_001', 'ctxh', 50.0000, 'Được 3 thành viên khác tham gia', 0, '2025-12-01 16:53:03', NULL, '2025-12-01 16:53:03', '2025-12-01 16:53:03'),
(412, '2001223066', 'DRL_QK_001', 'drl', 50.0000, 'Được 14 thành viên khác tham gia', 0, '2025-12-01 16:53:03', NULL, '2025-12-01 16:53:03', '2025-12-01 16:53:03'),
(413, '2001223066', 'DRL_QK_002', 'drl', 50.0000, 'Được 3 thành viên khác tham gia', 0, '2025-12-01 16:53:03', NULL, '2025-12-01 16:53:03', '2025-12-01 16:53:03'),
(414, '2001223066', 'DRL-20251127-CA3L', 'drl', 70.0000, 'Hoạt động phù hợp với sở thích của bạn (Match 100%)', 0, '2025-12-01 16:53:03', NULL, '2025-12-01 16:53:03', '2025-12-01 16:53:03'),
(415, '2001223066', 'CTXH_QK_004', 'ctxh', 50.0000, 'Được 6 thành viên khác tham gia', 0, '2025-12-01 16:53:03', NULL, '2025-12-01 16:53:03', '2025-12-01 16:53:03'),
(416, '2001223066', 'CTXH_QK_005', 'ctxh', 50.0000, 'Được 4 thành viên khác tham gia', 0, '2025-12-01 16:53:03', NULL, '2025-12-01 16:53:03', '2025-12-01 16:53:03'),
(417, '2001223066', 'CTXH_QK_001', 'ctxh', 50.0000, 'Được 3 thành viên khác tham gia', 0, '2025-12-01 16:53:03', NULL, '2025-12-01 16:53:03', '2025-12-01 16:53:03'),
(418, '2001223067', 'DRL_TL_005', 'drl', 70.0000, 'Hoạt động phù hợp với sở thích của bạn (Match 100%)', 0, '2025-12-01 16:53:03', NULL, '2025-12-01 16:53:03', '2025-12-01 16:53:03'),
(419, '2001223067', 'DRL_TL_004', 'drl', 70.0000, 'Hoạt động phù hợp với sở thích của bạn (Match 100%)', 0, '2025-12-01 16:53:03', NULL, '2025-12-01 16:53:03', '2025-12-01 16:53:03'),
(420, '2001223067', 'DRL-20251127-CA3L', 'drl', 70.0000, 'Hoạt động phù hợp với sở thích của bạn (Match 100%)', 0, '2025-12-01 16:53:03', NULL, '2025-12-01 16:53:03', '2025-12-01 16:53:03'),
(421, '2001223067', 'DRL_TL_001', 'drl', 99.3000, 'Hoạt động phù hợp với sở thích của bạn (Match 100%)', 0, '2025-12-01 16:53:03', NULL, '2025-12-01 16:53:03', '2025-12-01 16:53:03'),
(422, '2001223067', 'DRL_QK_005', 'drl', 84.4200, 'Hoạt động phù hợp với sở thích của bạn (Match 100%)', 0, '2025-12-01 16:53:03', NULL, '2025-12-01 16:53:03', '2025-12-01 16:53:03'),
(423, '2001223067', 'CTXH_TL_004', 'ctxh', 70.0000, 'Hoạt động phù hợp với sở thích của bạn (Match 100%)', 0, '2025-12-01 16:53:03', NULL, '2025-12-01 16:53:03', '2025-12-01 16:53:03'),
(424, '2001223068', 'DRL_QK_001', 'drl', 50.0000, 'Được 14 thành viên khác tham gia', 0, '2025-12-01 16:53:03', NULL, '2025-12-01 16:53:03', '2025-12-01 16:53:03'),
(425, '2001223068', 'DRL_QK_002', 'drl', 50.0000, 'Được 3 thành viên khác tham gia', 0, '2025-12-01 16:53:03', NULL, '2025-12-01 16:53:03', '2025-12-01 16:53:03'),
(426, '2001223068', 'DRL-20251127-CA3L', 'drl', 70.0000, 'Hoạt động phù hợp với sở thích của bạn (Match 100%)', 0, '2025-12-01 16:53:03', NULL, '2025-12-01 16:53:03', '2025-12-01 16:53:03'),
(427, '2001223068', 'CTXH_QK_004', 'ctxh', 50.0000, 'Được 6 thành viên khác tham gia', 0, '2025-12-01 16:53:03', NULL, '2025-12-01 16:53:03', '2025-12-01 16:53:03'),
(428, '2001223068', 'CTXH_QK_005', 'ctxh', 50.0000, 'Được 4 thành viên khác tham gia', 0, '2025-12-01 16:53:03', NULL, '2025-12-01 16:53:03', '2025-12-01 16:53:03'),
(429, '2001223068', 'CTXH_QK_001', 'ctxh', 50.0000, 'Được 3 thành viên khác tham gia', 0, '2025-12-01 16:53:03', NULL, '2025-12-01 16:53:03', '2025-12-01 16:53:03'),
(430, '2001223069', 'DRL_QK_001', 'drl', 60.0000, 'Được 14 thành viên khác tham gia. Match sở thích 50%', 0, '2025-12-01 16:53:03', NULL, '2025-12-01 16:53:03', '2025-12-01 16:53:03'),
(431, '2001223069', 'DRL_QK_002', 'drl', 50.0000, 'Được 3 thành viên khác tham gia. Match sở thích 50%', 0, '2025-12-01 16:53:03', NULL, '2025-12-01 16:53:03', '2025-12-01 16:53:03'),
(432, '2001223069', 'CTXH_QK_004', 'ctxh', 63.1300, 'Được 6 thành viên khác tham gia. Match sở thích 50%', 0, '2025-12-01 16:53:03', NULL, '2025-12-01 16:53:03', '2025-12-01 16:53:03'),
(433, '2001223069', 'CTXH_QK_005', 'ctxh', 54.5000, 'Được 4 thành viên khác tham gia. Match sở thích 50%', 0, '2025-12-01 16:53:03', NULL, '2025-12-01 16:53:03', '2025-12-01 16:53:03'),
(434, '2001223069', 'CTXH_QK_001', 'ctxh', 50.0000, 'Được 3 thành viên khác tham gia. Match sở thích 50%', 0, '2025-12-01 16:53:03', NULL, '2025-12-01 16:53:03', '2025-12-01 16:53:03'),
(435, '2001223070', 'DRL_QK_001', 'drl', 50.0000, 'Được 14 thành viên khác tham gia', 0, '2025-12-01 16:53:03', NULL, '2025-12-01 16:53:03', '2025-12-01 16:53:03'),
(436, '2001223070', 'DRL_QK_002', 'drl', 50.0000, 'Được 3 thành viên khác tham gia', 0, '2025-12-01 16:53:03', NULL, '2025-12-01 16:53:03', '2025-12-01 16:53:03'),
(437, '2001223070', 'DRL-20251127-CA3L', 'drl', 70.0000, 'Hoạt động phù hợp với sở thích của bạn (Match 100%)', 0, '2025-12-01 16:53:03', NULL, '2025-12-01 16:53:03', '2025-12-01 16:53:03'),
(438, '2001223070', 'CTXH_QK_004', 'ctxh', 50.0000, 'Được 6 thành viên khác tham gia', 0, '2025-12-01 16:53:03', NULL, '2025-12-01 16:53:03', '2025-12-01 16:53:03'),
(439, '2001223070', 'CTXH_QK_005', 'ctxh', 50.0000, 'Được 4 thành viên khác tham gia', 0, '2025-12-01 16:53:03', NULL, '2025-12-01 16:53:03', '2025-12-01 16:53:03'),
(440, '2001223070', 'CTXH_QK_001', 'ctxh', 50.0000, 'Được 3 thành viên khác tham gia', 0, '2025-12-01 16:53:03', NULL, '2025-12-01 16:53:03', '2025-12-01 16:53:03'),
(441, '2001223071', 'DRL_TL_002', 'drl', 70.0000, 'Hoạt động phù hợp với sở thích của bạn (Match 100%)', 0, '2025-12-01 16:53:03', NULL, '2025-12-01 16:53:03', '2025-12-01 16:53:03'),
(442, '2001223071', 'DRL_QK_002', 'drl', 70.0000, 'Hoạt động phù hợp với sở thích của bạn (Match 100%)', 0, '2025-12-01 16:53:03', NULL, '2025-12-01 16:53:03', '2025-12-01 16:53:03'),
(443, '2001223071', 'CTXH_QK_001', 'ctxh', 50.0000, 'Được 4 thành viên khác tham gia', 0, '2025-12-01 16:53:03', NULL, '2025-12-01 16:53:03', '2025-12-01 16:53:03'),
(444, '2001223071', 'CTXH_QK_004', 'ctxh', 54.3800, 'Được 3 thành viên khác tham gia. Match sở thích 50%', 0, '2025-12-01 16:53:03', NULL, '2025-12-01 16:53:03', '2025-12-01 16:53:03'),
(445, '2001223071', 'CTXH_QK_005', 'ctxh', 50.0000, 'Được 3 thành viên khác tham gia', 0, '2025-12-01 16:53:03', NULL, '2025-12-01 16:53:03', '2025-12-01 16:53:03'),
(446, '2001223071', 'CTXH_TL_005', 'ctxh', 70.0000, 'Hoạt động phù hợp với sở thích của bạn (Match 100%)', 0, '2025-12-01 16:53:03', NULL, '2025-12-01 16:53:03', '2025-12-01 16:53:03'),
(447, '2001223072', 'DRL_QK_002', 'drl', 50.0000, 'Được 3 thành viên khác tham gia', 0, '2025-12-01 16:53:03', NULL, '2025-12-01 16:53:03', '2025-12-01 16:53:03'),
(448, '2001223072', 'CTXH_QK_005', 'ctxh', 50.0000, 'Được 4 thành viên khác tham gia', 0, '2025-12-01 16:53:03', NULL, '2025-12-01 16:53:03', '2025-12-01 16:53:03'),
(449, '2001223072', 'CTXH_QK_001', 'ctxh', 50.0000, 'Được 3 thành viên khác tham gia', 0, '2025-12-01 16:53:03', NULL, '2025-12-01 16:53:03', '2025-12-01 16:53:03'),
(450, '2001223073', 'DRL_QK_002', 'drl', 50.0000, 'Được 3 thành viên khác tham gia', 0, '2025-12-01 16:53:03', NULL, '2025-12-01 16:53:03', '2025-12-01 16:53:03'),
(451, '2001223073', 'DRL_TL_003', 'drl', 70.0000, 'Hoạt động phù hợp với sở thích của bạn (Match 100%)', 0, '2025-12-01 16:53:03', NULL, '2025-12-01 16:53:03', '2025-12-01 16:53:03'),
(452, '2001223073', 'CTXH_QK_005', 'ctxh', 50.0000, 'Được 4 thành viên khác tham gia', 0, '2025-12-01 16:53:03', NULL, '2025-12-01 16:53:03', '2025-12-01 16:53:03'),
(453, '2001223073', 'CTXH_QK_001', 'ctxh', 50.0000, 'Được 3 thành viên khác tham gia', 0, '2025-12-01 16:53:03', NULL, '2025-12-01 16:53:03', '2025-12-01 16:53:03'),
(454, '2001223074', 'DRL_QK_005', 'drl', 62.4600, 'Được 3 thành viên khác tham gia. Match sở thích 100%', 0, '2025-12-01 16:53:03', NULL, '2025-12-01 16:53:03', '2025-12-01 16:53:03'),
(455, '2001223074', 'DRL_QK_003', 'drl', 55.6900, 'Được 2 thành viên khác tham gia. Match sở thích 100%', 0, '2025-12-01 16:53:03', NULL, '2025-12-01 16:53:03', '2025-12-01 16:53:03'),
(456, '2001223074', 'DRL_QK_004', 'drl', 50.0000, 'Được 2 thành viên khác tham gia. Match sở thích 50%', 0, '2025-12-01 16:53:03', NULL, '2025-12-01 16:53:03', '2025-12-01 16:53:03'),
(457, '2001223074', 'DRL_TL_005', 'drl', 70.0000, 'Hoạt động phù hợp với sở thích của bạn (Match 100%)', 0, '2025-12-01 16:53:03', NULL, '2025-12-01 16:53:03', '2025-12-01 16:53:03'),
(458, '2001223074', 'DRL_TL_004', 'drl', 70.0000, 'Hoạt động phù hợp với sở thích của bạn (Match 100%)', 0, '2025-12-01 16:53:03', NULL, '2025-12-01 16:53:03', '2025-12-01 16:53:03'),
(459, '2001223074', 'CTXH_QK_004', 'ctxh', 63.1300, 'Được 9 thành viên khác tham gia. Match sở thích 50%', 0, '2025-12-01 16:53:03', NULL, '2025-12-01 16:53:03', '2025-12-01 16:53:03'),
(460, '2001223074', 'CTXH_QK_003', 'ctxh', 78.5200, 'Được 7 thành viên khác tham gia. Match sở thích 100%', 0, '2025-12-01 16:53:03', NULL, '2025-12-01 16:53:03', '2025-12-01 16:53:03'),
(461, '2001223074', 'CTXH_QK_001', 'ctxh', 50.0000, 'Được 2 thành viên khác tham gia. Match sở thích 50%', 0, '2025-12-01 16:53:03', NULL, '2025-12-01 16:53:03', '2025-12-01 16:53:03'),
(462, '2001223074', 'CTXH_TL_002', 'ctxh', 70.0000, 'Hoạt động phù hợp với sở thích của bạn (Match 100%)', 0, '2025-12-01 16:53:04', NULL, '2025-12-01 16:53:04', '2025-12-01 16:53:04'),
(463, '2001223074', 'CTXH_QK_003', 'ctxh', 72.5900, 'Hoạt động phù hợp với sở thích của bạn (Match 100%)', 0, '2025-12-01 16:53:04', NULL, '2025-12-01 16:53:04', '2025-12-01 16:53:04'),
(464, '2001223075', 'DRL_QK_005', 'drl', 62.4600, 'Được 3 thành viên khác tham gia. Match sở thích 100%', 0, '2025-12-01 16:53:04', NULL, '2025-12-01 16:53:04', '2025-12-01 16:53:04'),
(465, '2001223075', 'DRL_QK_003', 'drl', 55.6900, 'Được 2 thành viên khác tham gia. Match sở thích 100%', 0, '2025-12-01 16:53:04', NULL, '2025-12-01 16:53:04', '2025-12-01 16:53:04'),
(466, '2001223075', 'DRL_QK_004', 'drl', 50.0000, 'Được 2 thành viên khác tham gia. Match sở thích 50%', 0, '2025-12-01 16:53:04', NULL, '2025-12-01 16:53:04', '2025-12-01 16:53:04'),
(467, '2001223075', 'DRL_TL_005', 'drl', 70.0000, 'Hoạt động phù hợp với sở thích của bạn (Match 100%)', 0, '2025-12-01 16:53:04', NULL, '2025-12-01 16:53:04', '2025-12-01 16:53:04'),
(468, '2001223075', 'DRL_TL_004', 'drl', 70.0000, 'Hoạt động phù hợp với sở thích của bạn (Match 100%)', 0, '2025-12-01 16:53:04', NULL, '2025-12-01 16:53:04', '2025-12-01 16:53:04'),
(469, '2001223075', 'CTXH_QK_004', 'ctxh', 63.1300, 'Được 9 thành viên khác tham gia. Match sở thích 50%', 0, '2025-12-01 16:53:04', NULL, '2025-12-01 16:53:04', '2025-12-01 16:53:04'),
(470, '2001223075', 'CTXH_QK_003', 'ctxh', 78.5200, 'Được 7 thành viên khác tham gia. Match sở thích 100%', 0, '2025-12-01 16:53:04', NULL, '2025-12-01 16:53:04', '2025-12-01 16:53:04'),
(471, '2001223075', 'CTXH_QK_001', 'ctxh', 50.0000, 'Được 2 thành viên khác tham gia. Match sở thích 50%', 0, '2025-12-01 16:53:04', NULL, '2025-12-01 16:53:04', '2025-12-01 16:53:04'),
(472, '2001223075', 'CTXH_TL_002', 'ctxh', 70.0000, 'Hoạt động phù hợp với sở thích của bạn (Match 100%)', 0, '2025-12-01 16:53:04', NULL, '2025-12-01 16:53:04', '2025-12-01 16:53:04'),
(473, '2001223075', 'CTXH_QK_003', 'ctxh', 72.5900, 'Hoạt động phù hợp với sở thích của bạn (Match 100%)', 0, '2025-12-01 16:53:04', NULL, '2025-12-01 16:53:04', '2025-12-01 16:53:04'),
(474, '2001223076', 'DRL_QK_001', 'drl', 85.0000, 'Được 21 thành viên khác tham gia. Match sở thích 100%', 0, '2025-12-01 16:53:04', NULL, '2025-12-01 16:53:04', '2025-12-01 16:53:04'),
(475, '2001223076', 'DRL_QK_005', 'drl', 62.2100, 'Được 3 thành viên khác tham gia. Match sở thích 100%', 0, '2025-12-01 16:53:04', NULL, '2025-12-01 16:53:04', '2025-12-01 16:53:04'),
(476, '2001223076', 'DRL_QK_003', 'drl', 55.5200, 'Được 2 thành viên khác tham gia. Match sở thích 100%', 0, '2025-12-01 16:53:04', NULL, '2025-12-01 16:53:04', '2025-12-01 16:53:04'),
(477, '2001223076', 'DRL_QK_004', 'drl', 58.1200, 'Được 2 thành viên khác tham gia. Match sở thích 100%', 0, '2025-12-01 16:53:04', NULL, '2025-12-01 16:53:04', '2025-12-01 16:53:04'),
(478, '2001223076', 'DRL_TL_005', 'drl', 70.0000, 'Hoạt động phù hợp với sở thích của bạn (Match 100%)', 0, '2025-12-01 16:53:04', NULL, '2025-12-01 16:53:04', '2025-12-01 16:53:04'),
(479, '2001223076', 'CTXH_QK_004', 'ctxh', 50.0000, 'Được 9 thành viên khác tham gia', 0, '2025-12-01 16:53:04', NULL, '2025-12-01 16:53:04', '2025-12-01 16:53:04'),
(480, '2001223076', 'CTXH_QK_005', 'ctxh', 62.2800, 'Được 8 thành viên khác tham gia. Match sở thích 50%', 0, '2025-12-01 16:53:04', NULL, '2025-12-01 16:53:04', '2025-12-01 16:53:04'),
(481, '2001223076', 'CTXH_QK_003', 'ctxh', 53.5200, 'Được 7 thành viên khác tham gia. Match sở thích 50%', 0, '2025-12-01 16:53:04', NULL, '2025-12-01 16:53:04', '2025-12-01 16:53:04'),
(482, '2001223076', 'CTXH_QK_001', 'ctxh', 50.0000, 'Được 2 thành viên khác tham gia. Match sở thích 50%', 0, '2025-12-01 16:53:04', NULL, '2025-12-01 16:53:04', '2025-12-01 16:53:04'),
(483, '2001223076', 'CTXH_TL_004', 'ctxh', 70.0000, 'Hoạt động phù hợp với sở thích của bạn (Match 100%)', 0, '2025-12-01 16:53:04', NULL, '2025-12-01 16:53:04', '2025-12-01 16:53:04'),
(484, '2001223077', 'DRL_QK_001', 'drl', 85.0000, 'Được 21 thành viên khác tham gia. Match sở thích 100%', 0, '2025-12-01 16:53:04', NULL, '2025-12-01 16:53:04', '2025-12-01 16:53:04'),
(485, '2001223077', 'DRL_QK_005', 'drl', 62.2100, 'Được 3 thành viên khác tham gia. Match sở thích 100%', 0, '2025-12-01 16:53:04', NULL, '2025-12-01 16:53:04', '2025-12-01 16:53:04'),
(486, '2001223077', 'DRL_QK_003', 'drl', 55.5200, 'Được 2 thành viên khác tham gia. Match sở thích 100%', 0, '2025-12-01 16:53:04', NULL, '2025-12-01 16:53:04', '2025-12-01 16:53:04'),
(487, '2001223077', 'DRL_QK_004', 'drl', 50.0000, 'Được 2 thành viên khác tham gia. Match sở thích 50%', 0, '2025-12-01 16:53:04', NULL, '2025-12-01 16:53:04', '2025-12-01 16:53:04'),
(488, '2001223077', 'DRL_TL_005', 'drl', 70.0000, 'Hoạt động phù hợp với sở thích của bạn (Match 100%)', 0, '2025-12-01 16:53:04', NULL, '2025-12-01 16:53:04', '2025-12-01 16:53:04'),
(489, '2001223077', 'CTXH_QK_004', 'ctxh', 50.0000, 'Được 9 thành viên khác tham gia', 0, '2025-12-01 16:53:04', NULL, '2025-12-01 16:53:04', '2025-12-01 16:53:04'),
(490, '2001223077', 'CTXH_QK_005', 'ctxh', 62.2800, 'Được 8 thành viên khác tham gia. Match sở thích 50%', 0, '2025-12-01 16:53:04', NULL, '2025-12-01 16:53:04', '2025-12-01 16:53:04'),
(491, '2001223077', 'CTXH_QK_003', 'ctxh', 53.5200, 'Được 7 thành viên khác tham gia. Match sở thích 50%', 0, '2025-12-01 16:53:04', NULL, '2025-12-01 16:53:04', '2025-12-01 16:53:04'),
(492, '2001223077', 'CTXH_QK_001', 'ctxh', 50.0000, 'Được 2 thành viên khác tham gia. Match sở thích 50%', 0, '2025-12-01 16:53:04', NULL, '2025-12-01 16:53:04', '2025-12-01 16:53:04'),
(493, '2001223078', 'DRL_QK_001', 'drl', 50.0000, 'Được 14 thành viên khác tham gia', 0, '2025-12-01 16:53:04', NULL, '2025-12-01 16:53:04', '2025-12-01 16:53:04'),
(494, '2001223078', 'DRL_QK_002', 'drl', 50.0000, 'Được 3 thành viên khác tham gia', 0, '2025-12-01 16:53:04', NULL, '2025-12-01 16:53:04', '2025-12-01 16:53:04'),
(495, '2001223078', 'DRL-20251127-CA3L', 'drl', 70.0000, 'Hoạt động phù hợp với sở thích của bạn (Match 100%)', 0, '2025-12-01 16:53:04', NULL, '2025-12-01 16:53:04', '2025-12-01 16:53:04'),
(496, '2001223078', 'CTXH_QK_004', 'ctxh', 63.1300, 'Được 6 thành viên khác tham gia. Match sở thích 50%', 0, '2025-12-01 16:53:04', NULL, '2025-12-01 16:53:04', '2025-12-01 16:53:04'),
(497, '2001223078', 'CTXH_QK_005', 'ctxh', 54.5000, 'Được 4 thành viên khác tham gia. Match sở thích 50%', 0, '2025-12-01 16:53:04', NULL, '2025-12-01 16:53:04', '2025-12-01 16:53:04'),
(498, '2001223078', 'CTXH_QK_001', 'ctxh', 50.0000, 'Được 3 thành viên khác tham gia. Match sở thích 50%', 0, '2025-12-01 16:53:04', NULL, '2025-12-01 16:53:04', '2025-12-01 16:53:04'),
(499, '2001223079', 'DRL_QK_001', 'drl', 85.0000, 'Được 21 thành viên khác tham gia. Match sở thích 100%', 0, '2025-12-01 16:53:04', NULL, '2025-12-01 16:53:04', '2025-12-01 16:53:04'),
(500, '2001223079', 'DRL_QK_005', 'drl', 62.2100, 'Được 3 thành viên khác tham gia. Match sở thích 100%', 0, '2025-12-01 16:53:04', NULL, '2025-12-01 16:53:04', '2025-12-01 16:53:04'),
(501, '2001223079', 'DRL_QK_003', 'drl', 55.5200, 'Được 2 thành viên khác tham gia. Match sở thích 100%', 0, '2025-12-01 16:53:04', NULL, '2025-12-01 16:53:04', '2025-12-01 16:53:04'),
(502, '2001223079', 'DRL_QK_004', 'drl', 50.0000, 'Được 2 thành viên khác tham gia. Match sở thích 50%', 0, '2025-12-01 16:53:04', NULL, '2025-12-01 16:53:04', '2025-12-01 16:53:04'),
(503, '2001223079', 'DRL_TL_005', 'drl', 70.0000, 'Hoạt động phù hợp với sở thích của bạn (Match 100%)', 0, '2025-12-01 16:53:04', NULL, '2025-12-01 16:53:04', '2025-12-01 16:53:04'),
(504, '2001223079', 'CTXH_QK_004', 'ctxh', 50.0000, 'Được 9 thành viên khác tham gia', 0, '2025-12-01 16:53:04', NULL, '2025-12-01 16:53:04', '2025-12-01 16:53:04'),
(505, '2001223079', 'CTXH_QK_005', 'ctxh', 62.2800, 'Được 8 thành viên khác tham gia. Match sở thích 50%', 0, '2025-12-01 16:53:04', NULL, '2025-12-01 16:53:04', '2025-12-01 16:53:04'),
(506, '2001223079', 'CTXH_QK_003', 'ctxh', 53.5200, 'Được 7 thành viên khác tham gia. Match sở thích 50%', 0, '2025-12-01 16:53:04', NULL, '2025-12-01 16:53:04', '2025-12-01 16:53:04'),
(507, '2001223079', 'CTXH_QK_001', 'ctxh', 50.0000, 'Được 2 thành viên khác tham gia. Match sở thích 50%', 0, '2025-12-01 16:53:04', NULL, '2025-12-01 16:53:04', '2025-12-01 16:53:04'),
(508, '2001223080', 'DRL_QK_001', 'drl', 85.0000, 'Được 21 thành viên khác tham gia. Match sở thích 100%', 0, '2025-12-01 16:53:04', NULL, '2025-12-01 16:53:04', '2025-12-01 16:53:04'),
(509, '2001223080', 'DRL_QK_005', 'drl', 62.2100, 'Được 3 thành viên khác tham gia. Match sở thích 100%', 0, '2025-12-01 16:53:04', NULL, '2025-12-01 16:53:04', '2025-12-01 16:53:04'),
(510, '2001223080', 'DRL_QK_003', 'drl', 55.5200, 'Được 2 thành viên khác tham gia. Match sở thích 100%', 0, '2025-12-01 16:53:04', NULL, '2025-12-01 16:53:04', '2025-12-01 16:53:04'),
(511, '2001223080', 'DRL_QK_004', 'drl', 50.0000, 'Được 2 thành viên khác tham gia. Match sở thích 50%', 0, '2025-12-01 16:53:04', NULL, '2025-12-01 16:53:04', '2025-12-01 16:53:04'),
(512, '2001223080', 'DRL_TL_005', 'drl', 70.0000, 'Hoạt động phù hợp với sở thích của bạn (Match 100%)', 0, '2025-12-01 16:53:04', NULL, '2025-12-01 16:53:04', '2025-12-01 16:53:04'),
(513, '2001223080', 'CTXH_QK_004', 'ctxh', 50.0000, 'Được 9 thành viên khác tham gia', 0, '2025-12-01 16:53:04', NULL, '2025-12-01 16:53:04', '2025-12-01 16:53:04'),
(514, '2001223080', 'CTXH_QK_005', 'ctxh', 87.2800, 'Được 8 thành viên khác tham gia. Match sở thích 100%', 0, '2025-12-01 16:53:04', NULL, '2025-12-01 16:53:04', '2025-12-01 16:53:04'),
(515, '2001223080', 'CTXH_QK_003', 'ctxh', 53.5200, 'Được 7 thành viên khác tham gia. Match sở thích 50%', 0, '2025-12-01 16:53:04', NULL, '2025-12-01 16:53:04', '2025-12-01 16:53:04'),
(516, '2001223080', 'CTXH_QK_001', 'ctxh', 57.7800, 'Được 2 thành viên khác tham gia. Match sở thích 100%', 0, '2025-12-01 16:53:04', NULL, '2025-12-01 16:53:04', '2025-12-01 16:53:04'),
(517, '2001223080', 'CTXH_QK_005', 'ctxh', 82.3400, 'Hoạt động phù hợp với sở thích của bạn (Match 100%)', 0, '2025-12-01 16:53:04', NULL, '2025-12-01 16:53:04', '2025-12-01 16:53:04'),
(518, '2001223081', 'DRL_QK_005', 'drl', 62.4600, 'Được 3 thành viên khác tham gia. Match sở thích 100%', 0, '2025-12-01 16:53:04', NULL, '2025-12-01 16:53:04', '2025-12-01 16:53:04'),
(519, '2001223081', 'DRL_QK_003', 'drl', 55.6900, 'Được 2 thành viên khác tham gia. Match sở thích 100%', 0, '2025-12-01 16:53:04', NULL, '2025-12-01 16:53:04', '2025-12-01 16:53:04'),
(520, '2001223081', 'DRL_QK_004', 'drl', 50.0000, 'Được 2 thành viên khác tham gia. Match sở thích 50%', 0, '2025-12-01 16:53:04', NULL, '2025-12-01 16:53:04', '2025-12-01 16:53:04'),
(521, '2001223081', 'DRL_TL_005', 'drl', 70.0000, 'Hoạt động phù hợp với sở thích của bạn (Match 100%)', 0, '2025-12-01 16:53:04', NULL, '2025-12-01 16:53:04', '2025-12-01 16:53:04'),
(522, '2001223081', 'DRL_TL_004', 'drl', 70.0000, 'Hoạt động phù hợp với sở thích của bạn (Match 100%)', 0, '2025-12-01 16:53:04', NULL, '2025-12-01 16:53:04', '2025-12-01 16:53:04'),
(523, '2001223081', 'CTXH_QK_004', 'ctxh', 50.0000, 'Được 9 thành viên khác tham gia', 0, '2025-12-01 16:53:04', NULL, '2025-12-01 16:53:04', '2025-12-01 16:53:04'),
(524, '2001223081', 'CTXH_QK_005', 'ctxh', 62.2800, 'Được 8 thành viên khác tham gia. Match sở thích 50%', 0, '2025-12-01 16:53:04', NULL, '2025-12-01 16:53:04', '2025-12-01 16:53:04'),
(525, '2001223081', 'CTXH_QK_001', 'ctxh', 50.0000, 'Được 2 thành viên khác tham gia. Match sở thích 50%', 0, '2025-12-01 16:53:04', NULL, '2025-12-01 16:53:04', '2025-12-01 16:53:04'),
(526, '2001223082', 'DRL_QK_005', 'drl', 62.4600, 'Được 3 thành viên khác tham gia. Match sở thích 100%', 0, '2025-12-01 16:53:04', NULL, '2025-12-01 16:53:04', '2025-12-01 16:53:04'),
(527, '2001223082', 'DRL_QK_003', 'drl', 55.6900, 'Được 2 thành viên khác tham gia. Match sở thích 100%', 0, '2025-12-01 16:53:04', NULL, '2025-12-01 16:53:04', '2025-12-01 16:53:04'),
(528, '2001223082', 'DRL_QK_004', 'drl', 50.0000, 'Được 2 thành viên khác tham gia. Match sở thích 50%', 0, '2025-12-01 16:53:04', NULL, '2025-12-01 16:53:04', '2025-12-01 16:53:04'),
(529, '2001223082', 'DRL_TL_005', 'drl', 70.0000, 'Hoạt động phù hợp với sở thích của bạn (Match 100%)', 0, '2025-12-01 16:53:04', NULL, '2025-12-01 16:53:04', '2025-12-01 16:53:04'),
(530, '2001223082', 'DRL_TL_004', 'drl', 70.0000, 'Hoạt động phù hợp với sở thích của bạn (Match 100%)', 0, '2025-12-01 16:53:04', NULL, '2025-12-01 16:53:04', '2025-12-01 16:53:04'),
(531, '2001223082', 'CTXH_QK_005', 'ctxh', 66.1700, 'Được 8 thành viên khác tham gia. Match sở thích 50%', 0, '2025-12-01 16:53:04', NULL, '2025-12-01 16:53:04', '2025-12-01 16:53:04'),
(532, '2001223082', 'CTXH_QK_001', 'ctxh', 50.0000, 'Được 2 thành viên khác tham gia. Match sở thích 50%', 0, '2025-12-01 16:53:04', NULL, '2025-12-01 16:53:04', '2025-12-01 16:53:04'),
(533, '2001223083', 'DRL_QK_005', 'drl', 62.2100, 'Được 3 thành viên khác tham gia. Match sở thích 100%', 0, '2025-12-01 16:53:04', NULL, '2025-12-01 16:53:04', '2025-12-01 16:53:04'),
(534, '2001223083', 'DRL_QK_003', 'drl', 55.5200, 'Được 2 thành viên khác tham gia. Match sở thích 100%', 0, '2025-12-01 16:53:04', NULL, '2025-12-01 16:53:04', '2025-12-01 16:53:04'),
(535, '2001223083', 'DRL_QK_004', 'drl', 50.0000, 'Được 2 thành viên khác tham gia. Match sở thích 50%', 0, '2025-12-01 16:53:04', NULL, '2025-12-01 16:53:04', '2025-12-01 16:53:04'),
(536, '2001223083', 'DRL_TL_005', 'drl', 70.0000, 'Hoạt động phù hợp với sở thích của bạn (Match 100%)', 0, '2025-12-01 16:53:04', NULL, '2025-12-01 16:53:04', '2025-12-01 16:53:04'),
(537, '2001223083', 'DRL_TL_004', 'drl', 70.0000, 'Hoạt động phù hợp với sở thích của bạn (Match 100%)', 0, '2025-12-01 16:53:04', NULL, '2025-12-01 16:53:04', '2025-12-01 16:53:04'),
(538, '2001223083', 'CTXH_QK_005', 'ctxh', 66.1700, 'Được 8 thành viên khác tham gia. Match sở thích 50%', 0, '2025-12-01 16:53:04', NULL, '2025-12-01 16:53:04', '2025-12-01 16:53:04'),
(539, '2001223083', 'CTXH_QK_003', 'ctxh', 81.9200, 'Được 7 thành viên khác tham gia. Match sở thích 100%', 0, '2025-12-01 16:53:04', NULL, '2025-12-01 16:53:04', '2025-12-01 16:53:04'),
(540, '2001223083', 'CTXH_QK_001', 'ctxh', 50.0000, 'Được 2 thành viên khác tham gia. Match sở thích 50%', 0, '2025-12-01 16:53:04', NULL, '2025-12-01 16:53:04', '2025-12-01 16:53:04'),
(541, '2001223083', 'CTXH_TL_002', 'ctxh', 70.0000, 'Hoạt động phù hợp với sở thích của bạn (Match 100%)', 0, '2025-12-01 16:53:04', NULL, '2025-12-01 16:53:04', '2025-12-01 16:53:04'),
(542, '2001223083', 'CTXH_QK_003', 'ctxh', 72.5900, 'Hoạt động phù hợp với sở thích của bạn (Match 100%)', 0, '2025-12-01 16:53:04', NULL, '2025-12-01 16:53:04', '2025-12-01 16:53:04'),
(543, '2001223084', 'DRL_QK_005', 'drl', 62.4600, 'Được 3 thành viên khác tham gia. Match sở thích 100%', 0, '2025-12-01 16:53:04', NULL, '2025-12-01 16:53:04', '2025-12-01 16:53:04'),
(544, '2001223084', 'DRL_QK_003', 'drl', 55.6900, 'Được 2 thành viên khác tham gia. Match sở thích 100%', 0, '2025-12-01 16:53:04', NULL, '2025-12-01 16:53:04', '2025-12-01 16:53:04'),
(545, '2001223084', 'DRL_QK_004', 'drl', 58.2800, 'Được 2 thành viên khác tham gia. Match sở thích 100%', 0, '2025-12-01 16:53:04', NULL, '2025-12-01 16:53:04', '2025-12-01 16:53:04'),
(546, '2001223084', 'DRL_TL_005', 'drl', 70.0000, 'Hoạt động phù hợp với sở thích của bạn (Match 100%)', 0, '2025-12-01 16:53:04', NULL, '2025-12-01 16:53:04', '2025-12-01 16:53:04'),
(547, '2001223084', 'DRL_TL_004', 'drl', 70.0000, 'Hoạt động phù hợp với sở thích của bạn (Match 100%)', 0, '2025-12-01 16:53:04', NULL, '2025-12-01 16:53:04', '2025-12-01 16:53:04'),
(548, '2001223084', 'CTXH_QK_004', 'ctxh', 50.0000, 'Được 9 thành viên khác tham gia', 0, '2025-12-01 16:53:04', NULL, '2025-12-01 16:53:04', '2025-12-01 16:53:04'),
(549, '2001223084', 'CTXH_QK_003', 'ctxh', 53.5200, 'Được 7 thành viên khác tham gia. Match sở thích 50%', 0, '2025-12-01 16:53:04', NULL, '2025-12-01 16:53:04', '2025-12-01 16:53:04'),
(550, '2001223084', 'CTXH_QK_001', 'ctxh', 50.0000, 'Được 2 thành viên khác tham gia. Match sở thích 50%', 0, '2025-12-01 16:53:04', NULL, '2025-12-01 16:53:04', '2025-12-01 16:53:04'),
(551, '2001223084', 'CTXH_TL_004', 'ctxh', 70.0000, 'Hoạt động phù hợp với sở thích của bạn (Match 100%)', 0, '2025-12-01 16:53:04', NULL, '2025-12-01 16:53:04', '2025-12-01 16:53:04'),
(552, '2001223085', 'DRL_QK_005', 'drl', 62.4600, 'Được 3 thành viên khác tham gia. Match sở thích 100%', 0, '2025-12-01 16:53:04', NULL, '2025-12-01 16:53:04', '2025-12-01 16:53:04'),
(553, '2001223085', 'DRL_QK_003', 'drl', 55.6900, 'Được 2 thành viên khác tham gia. Match sở thích 100%', 0, '2025-12-01 16:53:04', NULL, '2025-12-01 16:53:04', '2025-12-01 16:53:04'),
(554, '2001223085', 'DRL_QK_004', 'drl', 50.0000, 'Được 2 thành viên khác tham gia. Match sở thích 50%', 0, '2025-12-01 16:53:04', NULL, '2025-12-01 16:53:04', '2025-12-01 16:53:04'),
(555, '2001223085', 'DRL_TL_005', 'drl', 70.0000, 'Hoạt động phù hợp với sở thích của bạn (Match 100%)', 0, '2025-12-01 16:53:04', NULL, '2025-12-01 16:53:04', '2025-12-01 16:53:04'),
(556, '2001223085', 'DRL_TL_004', 'drl', 70.0000, 'Hoạt động phù hợp với sở thích của bạn (Match 100%)', 0, '2025-12-01 16:53:04', NULL, '2025-12-01 16:53:04', '2025-12-01 16:53:04'),
(557, '2001223085', 'CTXH_QK_004', 'ctxh', 50.0000, 'Được 9 thành viên khác tham gia', 0, '2025-12-01 16:53:04', NULL, '2025-12-01 16:53:04', '2025-12-01 16:53:04');
INSERT INTO `activity_recommendations` (`id`, `MSSV`, `MaHoatDong`, `activity_type`, `recommendation_score`, `recommendation_reason`, `priority`, `recommended_at`, `viewed_at`, `created_at`, `updated_at`) VALUES
(558, '2001223085', 'CTXH_QK_005', 'ctxh', 62.2800, 'Được 8 thành viên khác tham gia. Match sở thích 50%', 0, '2025-12-01 16:53:04', NULL, '2025-12-01 16:53:04', '2025-12-01 16:53:04'),
(559, '2001223085', 'CTXH_QK_003', 'ctxh', 53.5200, 'Được 7 thành viên khác tham gia. Match sở thích 50%', 0, '2025-12-01 16:53:04', NULL, '2025-12-01 16:53:04', '2025-12-01 16:53:04'),
(560, '2001223085', 'CTXH_QK_001', 'ctxh', 50.0000, 'Được 2 thành viên khác tham gia. Match sở thích 50%', 0, '2025-12-01 16:53:04', NULL, '2025-12-01 16:53:04', '2025-12-01 16:53:04'),
(561, '2001223086', 'DRL_TL_005', 'drl', 70.0000, 'Hoạt động phù hợp với sở thích của bạn (Match 100%)', 0, '2025-12-01 16:53:04', NULL, '2025-12-01 16:53:04', '2025-12-01 16:53:04'),
(562, '2001223086', 'DRL_TL_004', 'drl', 70.0000, 'Hoạt động phù hợp với sở thích của bạn (Match 100%)', 0, '2025-12-01 16:53:04', NULL, '2025-12-01 16:53:04', '2025-12-01 16:53:04'),
(563, '2001223086', 'DRL_TL_001', 'drl', 99.3000, 'Hoạt động phù hợp với sở thích của bạn (Match 100%)', 0, '2025-12-01 16:53:04', NULL, '2025-12-01 16:53:04', '2025-12-01 16:53:04'),
(564, '2001223086', 'DRL_QK_005', 'drl', 84.4200, 'Hoạt động phù hợp với sở thích của bạn (Match 100%)', 0, '2025-12-01 16:53:04', NULL, '2025-12-01 16:53:04', '2025-12-01 16:53:04'),
(565, '2001223086', 'DRL_QK_003', 'drl', 74.3800, 'Hoạt động phù hợp với sở thích của bạn (Match 100%)', 0, '2025-12-01 16:53:04', NULL, '2025-12-01 16:53:04', '2025-12-01 16:53:04'),
(566, '2001223087', 'DRL_QK_001', 'drl', 85.0000, 'Được 21 thành viên khác tham gia. Match sở thích 100%', 0, '2025-12-01 16:53:04', NULL, '2025-12-01 16:53:04', '2025-12-01 16:53:04'),
(567, '2001223087', 'DRL_QK_005', 'drl', 62.2100, 'Được 3 thành viên khác tham gia. Match sở thích 100%', 0, '2025-12-01 16:53:04', NULL, '2025-12-01 16:53:04', '2025-12-01 16:53:04'),
(568, '2001223087', 'DRL_QK_003', 'drl', 55.5200, 'Được 2 thành viên khác tham gia. Match sở thích 100%', 0, '2025-12-01 16:53:04', NULL, '2025-12-01 16:53:04', '2025-12-01 16:53:04'),
(569, '2001223087', 'DRL_QK_004', 'drl', 50.0000, 'Được 2 thành viên khác tham gia. Match sở thích 50%', 0, '2025-12-01 16:53:04', NULL, '2025-12-01 16:53:04', '2025-12-01 16:53:04'),
(570, '2001223087', 'DRL_TL_005', 'drl', 70.0000, 'Hoạt động phù hợp với sở thích của bạn (Match 100%)', 0, '2025-12-01 16:53:04', NULL, '2025-12-01 16:53:04', '2025-12-01 16:53:04'),
(571, '2001223087', 'CTXH_QK_004', 'ctxh', 50.0000, 'Được 9 thành viên khác tham gia', 0, '2025-12-01 16:53:04', NULL, '2025-12-01 16:53:04', '2025-12-01 16:53:04'),
(572, '2001223087', 'CTXH_QK_005', 'ctxh', 62.2800, 'Được 8 thành viên khác tham gia. Match sở thích 50%', 0, '2025-12-01 16:53:04', NULL, '2025-12-01 16:53:04', '2025-12-01 16:53:04'),
(573, '2001223087', 'CTXH_QK_003', 'ctxh', 53.5200, 'Được 7 thành viên khác tham gia. Match sở thích 50%', 0, '2025-12-01 16:53:04', NULL, '2025-12-01 16:53:04', '2025-12-01 16:53:04'),
(574, '2001223087', 'CTXH_QK_001', 'ctxh', 50.0000, 'Được 2 thành viên khác tham gia. Match sở thích 50%', 0, '2025-12-01 16:53:04', NULL, '2025-12-01 16:53:04', '2025-12-01 16:53:04'),
(575, '2001223088', 'DRL_QK_001', 'drl', 85.0000, 'Được 21 thành viên khác tham gia. Match sở thích 100%', 0, '2025-12-01 16:53:04', NULL, '2025-12-01 16:53:04', '2025-12-01 16:53:04'),
(576, '2001223088', 'DRL_QK_005', 'drl', 62.2100, 'Được 3 thành viên khác tham gia. Match sở thích 100%', 0, '2025-12-01 16:53:04', NULL, '2025-12-01 16:53:04', '2025-12-01 16:53:04'),
(577, '2001223088', 'DRL_QK_003', 'drl', 55.5200, 'Được 2 thành viên khác tham gia. Match sở thích 100%', 0, '2025-12-01 16:53:04', NULL, '2025-12-01 16:53:04', '2025-12-01 16:53:04'),
(578, '2001223088', 'DRL_QK_004', 'drl', 50.0000, 'Được 2 thành viên khác tham gia. Match sở thích 50%', 0, '2025-12-01 16:53:04', NULL, '2025-12-01 16:53:04', '2025-12-01 16:53:04'),
(579, '2001223088', 'DRL_TL_005', 'drl', 70.0000, 'Hoạt động phù hợp với sở thích của bạn (Match 100%)', 0, '2025-12-01 16:53:04', NULL, '2025-12-01 16:53:04', '2025-12-01 16:53:04'),
(580, '2001223088', 'CTXH_QK_004', 'ctxh', 50.0000, 'Được 9 thành viên khác tham gia', 0, '2025-12-01 16:53:04', NULL, '2025-12-01 16:53:04', '2025-12-01 16:53:04'),
(581, '2001223088', 'CTXH_QK_005', 'ctxh', 87.2800, 'Được 8 thành viên khác tham gia. Match sở thích 100%', 0, '2025-12-01 16:53:04', NULL, '2025-12-01 16:53:04', '2025-12-01 16:53:04'),
(582, '2001223088', 'CTXH_QK_003', 'ctxh', 53.5200, 'Được 7 thành viên khác tham gia. Match sở thích 50%', 0, '2025-12-01 16:53:04', NULL, '2025-12-01 16:53:04', '2025-12-01 16:53:04'),
(583, '2001223088', 'CTXH_QK_001', 'ctxh', 57.7800, 'Được 2 thành viên khác tham gia. Match sở thích 100%', 0, '2025-12-01 16:53:04', NULL, '2025-12-01 16:53:04', '2025-12-01 16:53:04'),
(584, '2001223088', 'CTXH_QK_005', 'ctxh', 82.3400, 'Hoạt động phù hợp với sở thích của bạn (Match 100%)', 0, '2025-12-01 16:53:04', NULL, '2025-12-01 16:53:04', '2025-12-01 16:53:04'),
(585, '2001223089', 'DRL_QK_001', 'drl', 85.0000, 'Được 21 thành viên khác tham gia. Match sở thích 100%', 0, '2025-12-01 16:53:04', NULL, '2025-12-01 16:53:04', '2025-12-01 16:53:04'),
(586, '2001223089', 'DRL_QK_005', 'drl', 62.2100, 'Được 3 thành viên khác tham gia. Match sở thích 100%', 0, '2025-12-01 16:53:04', NULL, '2025-12-01 16:53:04', '2025-12-01 16:53:04'),
(587, '2001223089', 'DRL_QK_003', 'drl', 55.5200, 'Được 2 thành viên khác tham gia. Match sở thích 100%', 0, '2025-12-01 16:53:04', NULL, '2025-12-01 16:53:04', '2025-12-01 16:53:04'),
(588, '2001223089', 'DRL_QK_004', 'drl', 50.0000, 'Được 2 thành viên khác tham gia. Match sở thích 50%', 0, '2025-12-01 16:53:04', NULL, '2025-12-01 16:53:04', '2025-12-01 16:53:04'),
(589, '2001223089', 'DRL_TL_005', 'drl', 70.0000, 'Hoạt động phù hợp với sở thích của bạn (Match 100%)', 0, '2025-12-01 16:53:04', NULL, '2025-12-01 16:53:04', '2025-12-01 16:53:04'),
(590, '2001223089', 'CTXH_QK_004', 'ctxh', 50.0000, 'Được 9 thành viên khác tham gia', 0, '2025-12-01 16:53:04', NULL, '2025-12-01 16:53:04', '2025-12-01 16:53:04'),
(591, '2001223089', 'CTXH_QK_005', 'ctxh', 62.2800, 'Được 8 thành viên khác tham gia. Match sở thích 50%', 0, '2025-12-01 16:53:04', NULL, '2025-12-01 16:53:04', '2025-12-01 16:53:04'),
(592, '2001223089', 'CTXH_QK_003', 'ctxh', 53.5200, 'Được 7 thành viên khác tham gia. Match sở thích 50%', 0, '2025-12-01 16:53:04', NULL, '2025-12-01 16:53:04', '2025-12-01 16:53:04'),
(593, '2001223089', 'CTXH_QK_001', 'ctxh', 50.0000, 'Được 2 thành viên khác tham gia. Match sở thích 50%', 0, '2025-12-01 16:53:04', NULL, '2025-12-01 16:53:04', '2025-12-01 16:53:04'),
(594, '2001223090', 'DRL_QK_001', 'drl', 85.0000, 'Được 21 thành viên khác tham gia. Match sở thích 100%', 0, '2025-12-01 16:53:04', NULL, '2025-12-01 16:53:04', '2025-12-01 16:53:04'),
(595, '2001223090', 'DRL_QK_005', 'drl', 62.2100, 'Được 3 thành viên khác tham gia. Match sở thích 100%', 0, '2025-12-01 16:53:04', NULL, '2025-12-01 16:53:04', '2025-12-01 16:53:04'),
(596, '2001223090', 'DRL_QK_003', 'drl', 55.5200, 'Được 2 thành viên khác tham gia. Match sở thích 100%', 0, '2025-12-01 16:53:04', NULL, '2025-12-01 16:53:04', '2025-12-01 16:53:04'),
(597, '2001223090', 'DRL_QK_004', 'drl', 50.0000, 'Được 2 thành viên khác tham gia. Match sở thích 50%', 0, '2025-12-01 16:53:04', NULL, '2025-12-01 16:53:04', '2025-12-01 16:53:04'),
(598, '2001223090', 'DRL_TL_005', 'drl', 70.0000, 'Hoạt động phù hợp với sở thích của bạn (Match 100%)', 0, '2025-12-01 16:53:04', NULL, '2025-12-01 16:53:04', '2025-12-01 16:53:04'),
(599, '2001223090', 'CTXH_QK_004', 'ctxh', 50.0000, 'Được 9 thành viên khác tham gia', 0, '2025-12-01 16:53:04', NULL, '2025-12-01 16:53:04', '2025-12-01 16:53:04'),
(600, '2001223090', 'CTXH_QK_005', 'ctxh', 62.2800, 'Được 8 thành viên khác tham gia. Match sở thích 50%', 0, '2025-12-01 16:53:04', NULL, '2025-12-01 16:53:04', '2025-12-01 16:53:04'),
(601, '2001223090', 'CTXH_QK_003', 'ctxh', 53.5200, 'Được 7 thành viên khác tham gia. Match sở thích 50%', 0, '2025-12-01 16:53:04', NULL, '2025-12-01 16:53:04', '2025-12-01 16:53:04'),
(602, '2001223090', 'CTXH_QK_001', 'ctxh', 50.0000, 'Được 2 thành viên khác tham gia. Match sở thích 50%', 0, '2025-12-01 16:53:04', NULL, '2025-12-01 16:53:04', '2025-12-01 16:53:04'),
(603, '2001223091', 'DRL_QK_005', 'drl', 62.4600, 'Được 3 thành viên khác tham gia. Match sở thích 100%', 0, '2025-12-01 16:53:04', NULL, '2025-12-01 16:53:04', '2025-12-01 16:53:04'),
(604, '2001223091', 'DRL_QK_003', 'drl', 55.6900, 'Được 2 thành viên khác tham gia. Match sở thích 100%', 0, '2025-12-01 16:53:04', NULL, '2025-12-01 16:53:04', '2025-12-01 16:53:04'),
(605, '2001223091', 'DRL_QK_004', 'drl', 50.0000, 'Được 2 thành viên khác tham gia. Match sở thích 50%', 0, '2025-12-01 16:53:04', NULL, '2025-12-01 16:53:04', '2025-12-01 16:53:04'),
(606, '2001223091', 'DRL_TL_005', 'drl', 70.0000, 'Hoạt động phù hợp với sở thích của bạn (Match 100%)', 0, '2025-12-01 16:53:04', NULL, '2025-12-01 16:53:04', '2025-12-01 16:53:04'),
(607, '2001223091', 'DRL_TL_004', 'drl', 70.0000, 'Hoạt động phù hợp với sở thích của bạn (Match 100%)', 0, '2025-12-01 16:53:04', NULL, '2025-12-01 16:53:04', '2025-12-01 16:53:04'),
(608, '2001223091', 'CTXH_QK_004', 'ctxh', 63.1300, 'Được 9 thành viên khác tham gia. Match sở thích 50%', 0, '2025-12-01 16:53:04', NULL, '2025-12-01 16:53:04', '2025-12-01 16:53:04'),
(609, '2001223091', 'CTXH_QK_005', 'ctxh', 62.2800, 'Được 8 thành viên khác tham gia. Match sở thích 50%', 0, '2025-12-01 16:53:04', NULL, '2025-12-01 16:53:04', '2025-12-01 16:53:04'),
(610, '2001223091', 'CTXH_QK_001', 'ctxh', 50.0000, 'Được 2 thành viên khác tham gia. Match sở thích 50%', 0, '2025-12-01 16:53:04', NULL, '2025-12-01 16:53:04', '2025-12-01 16:53:04'),
(611, '2001223091', 'CTXH_TL_002', 'ctxh', 70.0000, 'Hoạt động phù hợp với sở thích của bạn (Match 100%)', 0, '2025-12-01 16:53:04', NULL, '2025-12-01 16:53:04', '2025-12-01 16:53:04'),
(612, '2001223092', 'DRL_QK_005', 'drl', 62.4600, 'Được 3 thành viên khác tham gia. Match sở thích 100%', 0, '2025-12-01 16:53:04', NULL, '2025-12-01 16:53:04', '2025-12-01 16:53:04'),
(613, '2001223092', 'DRL_QK_003', 'drl', 55.6900, 'Được 2 thành viên khác tham gia. Match sở thích 100%', 0, '2025-12-01 16:53:04', NULL, '2025-12-01 16:53:04', '2025-12-01 16:53:04'),
(614, '2001223092', 'DRL_QK_004', 'drl', 58.2800, 'Được 2 thành viên khác tham gia. Match sở thích 100%', 0, '2025-12-01 16:53:05', NULL, '2025-12-01 16:53:05', '2025-12-01 16:53:05'),
(615, '2001223092', 'DRL_TL_005', 'drl', 70.0000, 'Hoạt động phù hợp với sở thích của bạn (Match 100%)', 0, '2025-12-01 16:53:05', NULL, '2025-12-01 16:53:05', '2025-12-01 16:53:05'),
(616, '2001223092', 'DRL_TL_004', 'drl', 70.0000, 'Hoạt động phù hợp với sở thích của bạn (Match 100%)', 0, '2025-12-01 16:53:05', NULL, '2025-12-01 16:53:05', '2025-12-01 16:53:05'),
(617, '2001223092', 'CTXH_QK_005', 'ctxh', 66.1700, 'Được 8 thành viên khác tham gia. Match sở thích 50%', 0, '2025-12-01 16:53:05', NULL, '2025-12-01 16:53:05', '2025-12-01 16:53:05'),
(618, '2001223092', 'CTXH_QK_001', 'ctxh', 50.0000, 'Được 2 thành viên khác tham gia. Match sở thích 50%', 0, '2025-12-01 16:53:05', NULL, '2025-12-01 16:53:05', '2025-12-01 16:53:05'),
(619, '2001223092', 'CTXH_TL_004', 'ctxh', 70.0000, 'Hoạt động phù hợp với sở thích của bạn (Match 100%)', 0, '2025-12-01 16:53:05', NULL, '2025-12-01 16:53:05', '2025-12-01 16:53:05'),
(620, '2001223093', 'DRL_QK_005', 'drl', 62.4600, 'Được 3 thành viên khác tham gia. Match sở thích 100%', 0, '2025-12-01 16:53:05', NULL, '2025-12-01 16:53:05', '2025-12-01 16:53:05'),
(621, '2001223093', 'DRL_QK_003', 'drl', 55.6900, 'Được 2 thành viên khác tham gia. Match sở thích 100%', 0, '2025-12-01 16:53:05', NULL, '2025-12-01 16:53:05', '2025-12-01 16:53:05'),
(622, '2001223093', 'DRL_QK_004', 'drl', 50.0000, 'Được 2 thành viên khác tham gia. Match sở thích 50%', 0, '2025-12-01 16:53:05', NULL, '2025-12-01 16:53:05', '2025-12-01 16:53:05'),
(623, '2001223093', 'DRL_TL_005', 'drl', 70.0000, 'Hoạt động phù hợp với sở thích của bạn (Match 100%)', 0, '2025-12-01 16:53:05', NULL, '2025-12-01 16:53:05', '2025-12-01 16:53:05'),
(624, '2001223093', 'DRL_TL_004', 'drl', 70.0000, 'Hoạt động phù hợp với sở thích của bạn (Match 100%)', 0, '2025-12-01 16:53:05', NULL, '2025-12-01 16:53:05', '2025-12-01 16:53:05'),
(625, '2001223093', 'CTXH_QK_005', 'ctxh', 66.1700, 'Được 8 thành viên khác tham gia. Match sở thích 50%', 0, '2025-12-01 16:53:05', NULL, '2025-12-01 16:53:05', '2025-12-01 16:53:05'),
(626, '2001223093', 'CTXH_QK_003', 'ctxh', 56.9200, 'Được 7 thành viên khác tham gia. Match sở thích 50%', 0, '2025-12-01 16:53:05', NULL, '2025-12-01 16:53:05', '2025-12-01 16:53:05'),
(627, '2001223093', 'CTXH_QK_001', 'ctxh', 50.0000, 'Được 2 thành viên khác tham gia. Match sở thích 50%', 0, '2025-12-01 16:53:05', NULL, '2025-12-01 16:53:05', '2025-12-01 16:53:05'),
(628, '2001223094', 'DRL_TL_005', 'drl', 70.0000, 'Hoạt động phù hợp với sở thích của bạn (Match 100%)', 0, '2025-12-01 16:53:05', NULL, '2025-12-01 16:53:05', '2025-12-01 16:53:05'),
(629, '2001223094', 'DRL_TL_004', 'drl', 70.0000, 'Hoạt động phù hợp với sở thích của bạn (Match 100%)', 0, '2025-12-01 16:53:05', NULL, '2025-12-01 16:53:05', '2025-12-01 16:53:05'),
(630, '2001223094', 'DRL_TL_001', 'drl', 99.3000, 'Hoạt động phù hợp với sở thích của bạn (Match 100%)', 0, '2025-12-01 16:53:05', NULL, '2025-12-01 16:53:05', '2025-12-01 16:53:05'),
(631, '2001223094', 'DRL_QK_005', 'drl', 84.4200, 'Hoạt động phù hợp với sở thích của bạn (Match 100%)', 0, '2025-12-01 16:53:05', NULL, '2025-12-01 16:53:05', '2025-12-01 16:53:05'),
(632, '2001223094', 'DRL_QK_003', 'drl', 74.3800, 'Hoạt động phù hợp với sở thích của bạn (Match 100%)', 0, '2025-12-01 16:53:05', NULL, '2025-12-01 16:53:05', '2025-12-01 16:53:05'),
(633, '2001223095', 'DRL_QK_005', 'drl', 62.4600, 'Được 3 thành viên khác tham gia. Match sở thích 100%', 0, '2025-12-01 16:53:05', NULL, '2025-12-01 16:53:05', '2025-12-01 16:53:05'),
(634, '2001223095', 'DRL_QK_003', 'drl', 55.6900, 'Được 2 thành viên khác tham gia. Match sở thích 100%', 0, '2025-12-01 16:53:05', NULL, '2025-12-01 16:53:05', '2025-12-01 16:53:05'),
(635, '2001223095', 'DRL_QK_004', 'drl', 50.0000, 'Được 2 thành viên khác tham gia. Match sở thích 50%', 0, '2025-12-01 16:53:05', NULL, '2025-12-01 16:53:05', '2025-12-01 16:53:05'),
(636, '2001223095', 'DRL_TL_005', 'drl', 70.0000, 'Hoạt động phù hợp với sở thích của bạn (Match 100%)', 0, '2025-12-01 16:53:05', NULL, '2025-12-01 16:53:05', '2025-12-01 16:53:05'),
(637, '2001223095', 'DRL_TL_004', 'drl', 70.0000, 'Hoạt động phù hợp với sở thích của bạn (Match 100%)', 0, '2025-12-01 16:53:05', NULL, '2025-12-01 16:53:05', '2025-12-01 16:53:05'),
(638, '2001223095', 'CTXH_QK_004', 'ctxh', 50.0000, 'Được 9 thành viên khác tham gia', 0, '2025-12-01 16:53:05', NULL, '2025-12-01 16:53:05', '2025-12-01 16:53:05'),
(639, '2001223095', 'CTXH_QK_005', 'ctxh', 62.2800, 'Được 8 thành viên khác tham gia. Match sở thích 50%', 0, '2025-12-01 16:53:05', NULL, '2025-12-01 16:53:05', '2025-12-01 16:53:05'),
(640, '2001223095', 'CTXH_QK_003', 'ctxh', 53.5200, 'Được 7 thành viên khác tham gia. Match sở thích 50%', 0, '2025-12-01 16:53:05', NULL, '2025-12-01 16:53:05', '2025-12-01 16:53:05'),
(641, '2001223095', 'CTXH_QK_001', 'ctxh', 50.0000, 'Được 2 thành viên khác tham gia. Match sở thích 50%', 0, '2025-12-01 16:53:05', NULL, '2025-12-01 16:53:05', '2025-12-01 16:53:05'),
(642, '2001223096', 'DRL_QK_001', 'drl', 85.0000, 'Được 21 thành viên khác tham gia. Match sở thích 100%', 0, '2025-12-01 16:53:05', NULL, '2025-12-01 16:53:05', '2025-12-01 16:53:05'),
(643, '2001223096', 'DRL_QK_005', 'drl', 62.2100, 'Được 3 thành viên khác tham gia. Match sở thích 100%', 0, '2025-12-01 16:53:05', NULL, '2025-12-01 16:53:05', '2025-12-01 16:53:05'),
(644, '2001223096', 'DRL_QK_003', 'drl', 55.5200, 'Được 2 thành viên khác tham gia. Match sở thích 100%', 0, '2025-12-01 16:53:05', NULL, '2025-12-01 16:53:05', '2025-12-01 16:53:05'),
(645, '2001223096', 'DRL_QK_004', 'drl', 50.0000, 'Được 2 thành viên khác tham gia. Match sở thích 50%', 0, '2025-12-01 16:53:05', NULL, '2025-12-01 16:53:05', '2025-12-01 16:53:05'),
(646, '2001223096', 'DRL_TL_005', 'drl', 70.0000, 'Hoạt động phù hợp với sở thích của bạn (Match 100%)', 0, '2025-12-01 16:53:05', NULL, '2025-12-01 16:53:05', '2025-12-01 16:53:05'),
(647, '2001223096', 'CTXH_QK_004', 'ctxh', 50.0000, 'Được 9 thành viên khác tham gia', 0, '2025-12-01 16:53:05', NULL, '2025-12-01 16:53:05', '2025-12-01 16:53:05'),
(648, '2001223096', 'CTXH_QK_005', 'ctxh', 87.2800, 'Được 8 thành viên khác tham gia. Match sở thích 100%', 0, '2025-12-01 16:53:05', NULL, '2025-12-01 16:53:05', '2025-12-01 16:53:05'),
(649, '2001223096', 'CTXH_QK_003', 'ctxh', 53.5200, 'Được 7 thành viên khác tham gia. Match sở thích 50%', 0, '2025-12-01 16:53:05', NULL, '2025-12-01 16:53:05', '2025-12-01 16:53:05'),
(650, '2001223096', 'CTXH_QK_001', 'ctxh', 57.7800, 'Được 2 thành viên khác tham gia. Match sở thích 100%', 0, '2025-12-01 16:53:05', NULL, '2025-12-01 16:53:05', '2025-12-01 16:53:05'),
(651, '2001223096', 'CTXH_QK_005', 'ctxh', 82.3400, 'Hoạt động phù hợp với sở thích của bạn (Match 100%)', 0, '2025-12-01 16:53:05', NULL, '2025-12-01 16:53:05', '2025-12-01 16:53:05'),
(652, '2001223097', 'DRL_QK_001', 'drl', 85.0000, 'Được 21 thành viên khác tham gia. Match sở thích 100%', 0, '2025-12-01 16:53:05', NULL, '2025-12-01 16:53:05', '2025-12-01 16:53:05'),
(653, '2001223097', 'DRL_QK_005', 'drl', 62.2100, 'Được 3 thành viên khác tham gia. Match sở thích 100%', 0, '2025-12-01 16:53:05', NULL, '2025-12-01 16:53:05', '2025-12-01 16:53:05'),
(654, '2001223097', 'DRL_QK_003', 'drl', 55.5200, 'Được 2 thành viên khác tham gia. Match sở thích 100%', 0, '2025-12-01 16:53:05', NULL, '2025-12-01 16:53:05', '2025-12-01 16:53:05'),
(655, '2001223097', 'DRL_QK_004', 'drl', 50.0000, 'Được 2 thành viên khác tham gia. Match sở thích 50%', 0, '2025-12-01 16:53:05', NULL, '2025-12-01 16:53:05', '2025-12-01 16:53:05'),
(656, '2001223097', 'DRL_TL_005', 'drl', 70.0000, 'Hoạt động phù hợp với sở thích của bạn (Match 100%)', 0, '2025-12-01 16:53:05', NULL, '2025-12-01 16:53:05', '2025-12-01 16:53:05'),
(657, '2001223097', 'CTXH_QK_004', 'ctxh', 50.0000, 'Được 9 thành viên khác tham gia', 0, '2025-12-01 16:53:05', NULL, '2025-12-01 16:53:05', '2025-12-01 16:53:05'),
(658, '2001223097', 'CTXH_QK_005', 'ctxh', 62.2800, 'Được 8 thành viên khác tham gia. Match sở thích 50%', 0, '2025-12-01 16:53:05', NULL, '2025-12-01 16:53:05', '2025-12-01 16:53:05'),
(659, '2001223097', 'CTXH_QK_003', 'ctxh', 53.5200, 'Được 7 thành viên khác tham gia. Match sở thích 50%', 0, '2025-12-01 16:53:05', NULL, '2025-12-01 16:53:05', '2025-12-01 16:53:05'),
(660, '2001223097', 'CTXH_QK_001', 'ctxh', 50.0000, 'Được 2 thành viên khác tham gia. Match sở thích 50%', 0, '2025-12-01 16:53:05', NULL, '2025-12-01 16:53:05', '2025-12-01 16:53:05'),
(661, '2001223098', 'DRL_QK_001', 'drl', 85.0000, 'Được 21 thành viên khác tham gia. Match sở thích 100%', 0, '2025-12-01 16:53:05', NULL, '2025-12-01 16:53:05', '2025-12-01 16:53:05'),
(662, '2001223098', 'DRL_QK_005', 'drl', 62.2100, 'Được 3 thành viên khác tham gia. Match sở thích 100%', 0, '2025-12-01 16:53:05', NULL, '2025-12-01 16:53:05', '2025-12-01 16:53:05'),
(663, '2001223098', 'DRL_QK_003', 'drl', 55.5200, 'Được 2 thành viên khác tham gia. Match sở thích 100%', 0, '2025-12-01 16:53:05', NULL, '2025-12-01 16:53:05', '2025-12-01 16:53:05'),
(664, '2001223098', 'DRL_QK_004', 'drl', 50.0000, 'Được 2 thành viên khác tham gia. Match sở thích 50%', 0, '2025-12-01 16:53:05', NULL, '2025-12-01 16:53:05', '2025-12-01 16:53:05'),
(665, '2001223098', 'DRL_TL_005', 'drl', 70.0000, 'Hoạt động phù hợp với sở thích của bạn (Match 100%)', 0, '2025-12-01 16:53:05', NULL, '2025-12-01 16:53:05', '2025-12-01 16:53:05'),
(666, '2001223098', 'CTXH_QK_004', 'ctxh', 50.0000, 'Được 9 thành viên khác tham gia', 0, '2025-12-01 16:53:05', NULL, '2025-12-01 16:53:05', '2025-12-01 16:53:05'),
(667, '2001223098', 'CTXH_QK_005', 'ctxh', 62.2800, 'Được 8 thành viên khác tham gia. Match sở thích 50%', 0, '2025-12-01 16:53:05', NULL, '2025-12-01 16:53:05', '2025-12-01 16:53:05'),
(668, '2001223098', 'CTXH_QK_003', 'ctxh', 53.5200, 'Được 7 thành viên khác tham gia. Match sở thích 50%', 0, '2025-12-01 16:53:05', NULL, '2025-12-01 16:53:05', '2025-12-01 16:53:05'),
(669, '2001223098', 'CTXH_QK_001', 'ctxh', 50.0000, 'Được 2 thành viên khác tham gia. Match sở thích 50%', 0, '2025-12-01 16:53:05', NULL, '2025-12-01 16:53:05', '2025-12-01 16:53:05'),
(670, '2001223099', 'DRL_QK_001', 'drl', 85.0000, 'Được 21 thành viên khác tham gia. Match sở thích 100%', 0, '2025-12-01 16:53:05', NULL, '2025-12-01 16:53:05', '2025-12-01 16:53:05'),
(671, '2001223099', 'DRL_QK_005', 'drl', 62.2100, 'Được 3 thành viên khác tham gia. Match sở thích 100%', 0, '2025-12-01 16:53:05', NULL, '2025-12-01 16:53:05', '2025-12-01 16:53:05'),
(672, '2001223099', 'DRL_QK_003', 'drl', 55.5200, 'Được 2 thành viên khác tham gia. Match sở thích 100%', 0, '2025-12-01 16:53:05', NULL, '2025-12-01 16:53:05', '2025-12-01 16:53:05'),
(673, '2001223099', 'DRL_QK_004', 'drl', 50.0000, 'Được 2 thành viên khác tham gia. Match sở thích 50%', 0, '2025-12-01 16:53:05', NULL, '2025-12-01 16:53:05', '2025-12-01 16:53:05'),
(674, '2001223099', 'DRL_TL_005', 'drl', 70.0000, 'Hoạt động phù hợp với sở thích của bạn (Match 100%)', 0, '2025-12-01 16:53:05', NULL, '2025-12-01 16:53:05', '2025-12-01 16:53:05'),
(675, '2001223099', 'CTXH_QK_004', 'ctxh', 63.1300, 'Được 9 thành viên khác tham gia. Match sở thích 50%', 0, '2025-12-01 16:53:05', NULL, '2025-12-01 16:53:05', '2025-12-01 16:53:05'),
(676, '2001223099', 'CTXH_QK_005', 'ctxh', 62.2800, 'Được 8 thành viên khác tham gia. Match sở thích 50%', 0, '2025-12-01 16:53:05', NULL, '2025-12-01 16:53:05', '2025-12-01 16:53:05'),
(677, '2001223099', 'CTXH_QK_003', 'ctxh', 78.5200, 'Được 7 thành viên khác tham gia. Match sở thích 100%', 0, '2025-12-01 16:53:05', NULL, '2025-12-01 16:53:05', '2025-12-01 16:53:05'),
(678, '2001223099', 'CTXH_QK_001', 'ctxh', 50.0000, 'Được 2 thành viên khác tham gia. Match sở thích 50%', 0, '2025-12-01 16:53:05', NULL, '2025-12-01 16:53:05', '2025-12-01 16:53:05'),
(679, '2001223099', 'CTXH_TL_002', 'ctxh', 70.0000, 'Hoạt động phù hợp với sở thích của bạn (Match 100%)', 0, '2025-12-01 16:53:05', NULL, '2025-12-01 16:53:05', '2025-12-01 16:53:05'),
(680, '2001223100', 'DRL_QK_001', 'drl', 85.0000, 'Được 21 thành viên khác tham gia. Match sở thích 100%', 0, '2025-12-01 16:53:05', NULL, '2025-12-01 16:53:05', '2025-12-01 16:53:05'),
(681, '2001223100', 'DRL_QK_005', 'drl', 62.2100, 'Được 3 thành viên khác tham gia. Match sở thích 100%', 0, '2025-12-01 16:53:05', NULL, '2025-12-01 16:53:05', '2025-12-01 16:53:05'),
(682, '2001223100', 'DRL_QK_003', 'drl', 55.5200, 'Được 2 thành viên khác tham gia. Match sở thích 100%', 0, '2025-12-01 16:53:05', NULL, '2025-12-01 16:53:05', '2025-12-01 16:53:05'),
(683, '2001223100', 'DRL_QK_004', 'drl', 58.1200, 'Được 2 thành viên khác tham gia. Match sở thích 100%', 0, '2025-12-01 16:53:05', NULL, '2025-12-01 16:53:05', '2025-12-01 16:53:05'),
(684, '2001223100', 'DRL_TL_005', 'drl', 70.0000, 'Hoạt động phù hợp với sở thích của bạn (Match 100%)', 0, '2025-12-01 16:53:05', NULL, '2025-12-01 16:53:05', '2025-12-01 16:53:05'),
(685, '2001223100', 'CTXH_QK_004', 'ctxh', 50.0000, 'Được 9 thành viên khác tham gia', 0, '2025-12-01 16:53:05', NULL, '2025-12-01 16:53:05', '2025-12-01 16:53:05'),
(686, '2001223100', 'CTXH_QK_005', 'ctxh', 62.2800, 'Được 8 thành viên khác tham gia. Match sở thích 50%', 0, '2025-12-01 16:53:05', NULL, '2025-12-01 16:53:05', '2025-12-01 16:53:05'),
(687, '2001223100', 'CTXH_QK_003', 'ctxh', 53.5200, 'Được 7 thành viên khác tham gia. Match sở thích 50%', 0, '2025-12-01 16:53:05', NULL, '2025-12-01 16:53:05', '2025-12-01 16:53:05'),
(688, '2001223100', 'CTXH_QK_001', 'ctxh', 50.0000, 'Được 2 thành viên khác tham gia. Match sở thích 50%', 0, '2025-12-01 16:53:05', NULL, '2025-12-01 16:53:05', '2025-12-01 16:53:05'),
(689, '2001223100', 'CTXH_TL_004', 'ctxh', 70.0000, 'Hoạt động phù hợp với sở thích của bạn (Match 100%)', 0, '2025-12-01 16:53:05', NULL, '2025-12-01 16:53:05', '2025-12-01 16:53:05');

-- --------------------------------------------------------

--
-- Table structure for table `activity_topic_tags`
--

CREATE TABLE `activity_topic_tags` (
  `ActivityTagID` bigint(20) UNSIGNED NOT NULL,
  `MaHoatDong` varchar(255) NOT NULL,
  `InterestID` bigint(20) UNSIGNED NOT NULL,
  `RelevanceScore` decimal(3,2) NOT NULL COMMENT '0-1, relevance level'
) ENGINE=InnoDB DEFAULT CHARSET=utf8mb4 COLLATE=utf8mb4_unicode_ci;

-- --------------------------------------------------------

--
-- Table structure for table `cache`
--

CREATE TABLE `cache` (
  `key` varchar(255) NOT NULL,
  `value` mediumtext NOT NULL,
  `expiration` int(11) NOT NULL
) ENGINE=InnoDB DEFAULT CHARSET=utf8mb4 COLLATE=utf8mb4_unicode_ci;

-- --------------------------------------------------------

--
-- Table structure for table `cache_locks`
--

CREATE TABLE `cache_locks` (
  `key` varchar(255) NOT NULL,
  `owner` varchar(255) NOT NULL,
  `expiration` int(11) NOT NULL
) ENGINE=InnoDB DEFAULT CHARSET=utf8mb4 COLLATE=utf8mb4_unicode_ci;

-- --------------------------------------------------------

--
-- Table structure for table `chucvusinhvien`
--

CREATE TABLE `chucvusinhvien` (
  `MaChucVu` int(11) NOT NULL,
  `MSSV` varchar(50) NOT NULL,
  `MaLop` varchar(255) NOT NULL,
  `MaHocKy` varchar(255) NOT NULL,
  `ChucVu` enum('Lớp trưởng','Bí thư','Phó bí thư','Khác') NOT NULL,
  `NgayBatDau` date NOT NULL,
  `NgayKetThuc` date NOT NULL
) ENGINE=InnoDB DEFAULT CHARSET=utf8mb4 COLLATE=utf8mb4_unicode_ci;

-- --------------------------------------------------------

--
-- Table structure for table `clustering_history`
--

CREATE TABLE `clustering_history` (
  `id` bigint(20) UNSIGNED NOT NULL,
  `clustering_date` timestamp NOT NULL DEFAULT current_timestamp(),
  `num_clusters` int(11) NOT NULL,
  `num_iterations` int(11) NOT NULL,
  `final_inertia` decimal(12,4) DEFAULT NULL,
  `num_students` int(11) NOT NULL,
  `notes` text DEFAULT NULL,
  `created_at` timestamp NULL DEFAULT NULL,
  `updated_at` timestamp NULL DEFAULT NULL
) ENGINE=InnoDB DEFAULT CHARSET=utf8mb4 COLLATE=utf8mb4_unicode_ci;

-- --------------------------------------------------------

--
-- Table structure for table `cluster_statistics`
--

CREATE TABLE `cluster_statistics` (
  `ClusterStatID` bigint(20) UNSIGNED NOT NULL,
  `ClusterID` int(11) NOT NULL,
  `TotalStudents` int(11) NOT NULL DEFAULT 0,
  `AvgParticipationRate` decimal(5,2) DEFAULT NULL,
  `AvgScore` decimal(5,2) DEFAULT NULL,
  `TopInterests` longtext CHARACTER SET utf8mb4 COLLATE utf8mb4_bin DEFAULT NULL CHECK (json_valid(`TopInterests`)),
  `TopActivities` longtext CHARACTER SET utf8mb4 COLLATE utf8mb4_bin DEFAULT NULL CHECK (json_valid(`TopActivities`)),
  `CreatedAt` timestamp NOT NULL DEFAULT current_timestamp()
) ENGINE=InnoDB DEFAULT CHARSET=utf8mb4 COLLATE=utf8mb4_unicode_ci;

--
-- Dumping data for table `cluster_statistics`
--

INSERT INTO `cluster_statistics` (`ClusterStatID`, `ClusterID`, `TotalStudents`, `AvgParticipationRate`, `AvgScore`, `TopInterests`, `TopActivities`, `CreatedAt`) VALUES
(1, 0, 33, 0.00, 6.97, '[5,4,7,6,2]', NULL, '2025-12-01 16:53:01'),
(2, 1, 45, 0.00, 0.00, '[8,4,10,5,1]', NULL, '2025-12-01 16:53:01'),
(3, 2, 17, 0.00, 52.71, '[1,4,2,6,3]', NULL, '2025-12-01 16:53:01'),
(4, 3, 5, 0.00, -0.60, '[3,8,5]', NULL, '2025-12-01 16:53:01');

-- --------------------------------------------------------

--
-- Table structure for table `covanht`
--

CREATE TABLE `covanht` (
  `MaLop` varchar(255) NOT NULL,
  `MaGiangVien` varchar(50) NOT NULL
) ENGINE=InnoDB DEFAULT CHARSET=utf8mb4 COLLATE=utf8mb4_unicode_ci;

--
-- Dumping data for table `covanht`
--

INSERT INTO `covanht` (`MaLop`, `MaGiangVien`) VALUES
('12DHCK01', 'GV001'),
('12DHQT02', 'GV001'),
('12DHTH01', 'GV001'),
('13DHDL01', 'GV006'),
('13DHDT04', 'GV006'),
('13DHKT03', 'GV002'),
('13DHLK01', 'GV001'),
('13DHMK01', 'GV003'),
('13DHTH05', 'GV005'),
('13DHTH06', 'GV005'),
('13DHTM01', 'GV002'),
('13DHTP01', 'GV004'),
('13DHTP02', 'GV004'),
('14DHAT01', 'GV003'),
('14DHKS02', 'GV006'),
('14DHNA01', 'GV002'),
('14DHTC01', 'GV003'),
('14DHTH02', 'GV005'),
('14DHTM03', 'GV003'),
('14DHTP05', 'GV004'),
('14DHTQ01', 'GV002'),
('15DHTP01', 'GV004');

-- --------------------------------------------------------

--
-- Table structure for table `dangkyhoatdongctxh`
--

CREATE TABLE `dangkyhoatdongctxh` (
  `MaDangKy` int(11) NOT NULL,
  `MSSV` varchar(50) NOT NULL,
  `MaHoatDong` varchar(255) NOT NULL,
  `NgayDangKy` datetime NOT NULL,
  `TrangThaiDangKy` varchar(50) DEFAULT NULL,
  `NgayThamGia` date DEFAULT NULL,
  `CheckInAt` timestamp NULL DEFAULT NULL,
  `CheckOutAt` timestamp NULL DEFAULT NULL,
  `TrangThaiThamGia` varchar(30) NOT NULL DEFAULT 'Chưa tham gia',
  `thanh_toan_id` bigint(20) UNSIGNED DEFAULT NULL
) ENGINE=InnoDB DEFAULT CHARSET=utf8mb4 COLLATE=utf8mb4_unicode_ci;

--
-- Dumping data for table `dangkyhoatdongctxh`
--

INSERT INTO `dangkyhoatdongctxh` (`MaDangKy`, `MSSV`, `MaHoatDong`, `NgayDangKy`, `TrangThaiDangKy`, `NgayThamGia`, `CheckInAt`, `CheckOutAt`, `TrangThaiThamGia`, `thanh_toan_id`) VALUES
(1, '2001223001', 'CTXH_QK_001', '2025-10-20 10:30:00', 'Đã duyệt', '2025-10-22', '2025-10-22 07:00:00', '2025-10-22 11:00:00', 'Đã tham gia', NULL),
(2, '2001223002', 'CTXH_QK_001', '2025-10-20 10:35:00', 'Đã duyệt', '2025-10-22', '2025-10-22 07:05:00', '2025-10-22 10:50:00', 'Đã tham gia', NULL),
(3, '2001223003', 'CTXH_QK_001', '2025-10-20 10:40:00', 'Đã duyệt', '2025-10-22', '2025-10-22 07:10:00', '2025-10-22 11:05:00', 'Đã tham gia', NULL),
(4, '2001223004', 'CTXH_QK_001', '2025-10-20 10:45:00', 'Đã duyệt', '2025-10-22', '2025-10-22 07:08:00', '2025-10-22 11:02:00', 'Đã tham gia', NULL),
(5, '2001223005', 'CTXH_QK_001', '2025-10-20 10:50:00', 'Đã duyệt', '2025-10-22', '2025-10-22 07:02:00', '2025-10-22 10:58:00', 'Đã tham gia', NULL),
(6, '2001223011', 'CTXH_QK_001', '2025-10-20 11:00:00', 'Đã duyệt', '2025-10-22', '2025-10-22 07:15:00', '2025-10-22 11:08:00', 'Đã tham gia', NULL),
(7, '2001223012', 'CTXH_QK_001', '2025-10-20 11:05:00', 'Đã duyệt', '2025-10-22', '2025-10-22 07:03:00', '2025-10-22 11:01:00', 'Đã tham gia', NULL),
(8, '2001223021', 'CTXH_QK_001', '2025-10-20 11:10:00', 'Đã duyệt', NULL, NULL, NULL, 'Không tham gia', NULL),
(9, '2001223031', 'CTXH_QK_001', '2025-10-20 11:15:00', 'Đã duyệt', '2025-10-22', '2025-10-22 07:20:00', '2025-10-22 11:10:00', 'Đã tham gia', NULL),
(10, '2001223041', 'CTXH_QK_001', '2025-10-20 11:20:00', 'Đã duyệt', '2025-10-22', '2025-10-22 07:12:00', '2025-10-22 10:55:00', 'Đã tham gia', NULL),
(11, '2001223051', 'CTXH_QK_002', '2025-10-27 14:00:00', 'Đã duyệt', '2025-10-29', '2025-10-29 08:00:00', '2025-10-29 16:15:00', 'Đã tham gia', NULL),
(12, '2001223052', 'CTXH_QK_002', '2025-10-27 14:05:00', 'Đã duyệt', '2025-10-29', '2025-10-29 08:10:00', '2025-10-29 16:05:00', 'Đã tham gia', NULL),
(13, '2001223061', 'CTXH_QK_002', '2025-10-27 14:10:00', 'Đã duyệt', '2025-10-29', '2025-10-29 08:05:00', '2025-10-29 16:12:00', 'Đã tham gia', NULL),
(14, '2001223062', 'CTXH_QK_002', '2025-10-27 14:15:00', 'Đã duyệt', NULL, NULL, NULL, 'Không tham gia', NULL),
(15, '2001223071', 'CTXH_QK_002', '2025-10-27 14:20:00', 'Đã duyệt', '2025-10-29', '2025-10-29 08:08:00', '2025-10-29 16:10:00', 'Đã tham gia', NULL),
(16, '2001223081', 'CTXH_QK_003', '2025-11-01 10:00:00', 'Đã duyệt', '2025-11-04', '2025-11-04 14:05:00', '2025-11-04 17:50:00', 'Đã tham gia', NULL),
(17, '2001223082', 'CTXH_QK_003', '2025-11-01 10:05:00', 'Đã duyệt', '2025-11-04', '2025-11-04 14:10:00', '2025-11-04 17:55:00', 'Đã tham gia', NULL),
(18, '2001223091', 'CTXH_QK_003', '2025-11-01 10:10:00', 'Đã duyệt', '2025-11-04', '2025-11-04 14:02:00', '2025-11-04 17:48:00', 'Đã tham gia', NULL),
(19, '2001223092', 'CTXH_QK_003', '2025-11-01 10:15:00', 'Đã duyệt', '2025-11-04', '2025-11-04 14:08:00', '2025-11-04 17:52:00', 'Đã tham gia', NULL),
(20, '2001223001', 'CTXH_QK_003', '2025-11-01 10:20:00', 'Đã duyệt', '2025-11-04', '2025-11-04 14:12:00', '2025-11-04 18:00:00', 'Đã tham gia', NULL),
(21, '2001223011', 'CTXH_QK_003', '2025-11-01 10:25:00', 'Đã duyệt', NULL, NULL, NULL, 'Không tham gia', NULL),
(22, '2001223021', 'CTXH_QK_003', '2025-11-01 10:30:00', 'Đã duyệt', '2025-11-04', '2025-11-04 14:15:00', '2025-11-04 17:45:00', 'Đã tham gia', NULL),
(23, '2001223031', 'CTXH_QK_003', '2025-11-01 10:35:00', 'Đã duyệt', '2025-11-04', '2025-11-04 14:03:00', '2025-11-04 17:50:00', 'Đã tham gia', NULL),
(24, '2001223041', 'CTXH_QK_003', '2025-11-01 10:40:00', 'Đã duyệt', '2025-11-04', '2025-11-04 14:07:00', '2025-11-04 17:53:00', 'Đã tham gia', NULL),
(25, '2001223051', 'CTXH_QK_003', '2025-11-01 10:45:00', 'Đã duyệt', '2025-11-04', '2025-11-04 14:11:00', '2025-11-04 17:49:00', 'Đã tham gia', NULL),
(26, '2001223002', 'CTXH_QK_004', '2025-11-03 09:00:00', 'Đã duyệt', '2025-11-08', '2025-11-08 06:05:00', '2025-11-08 11:55:00', 'Đã tham gia', NULL),
(27, '2001223012', 'CTXH_QK_004', '2025-11-03 09:05:00', 'Đã duyệt', '2025-11-08', '2025-11-08 06:08:00', '2025-11-08 12:02:00', 'Đã tham gia', NULL),
(28, '2001223022', 'CTXH_QK_004', '2025-11-03 09:10:00', 'Đã duyệt', '2025-11-08', '2025-11-08 06:00:00', '2025-11-08 11:50:00', 'Đã tham gia', NULL),
(29, '2001223032', 'CTXH_QK_004', '2025-11-03 09:15:00', 'Đã duyệt', '2025-11-08', '2025-11-08 06:10:00', '2025-11-08 12:05:00', 'Đã tham gia', NULL),
(30, '2001223042', 'CTXH_QK_004', '2025-11-03 09:20:00', 'Đã duyệt', '2025-11-08', '2025-11-08 06:03:00', '2025-11-08 11:58:00', 'Đã tham gia', NULL),
(31, '2001223052', 'CTXH_QK_004', '2025-11-03 09:25:00', 'Đã duyệt', NULL, NULL, NULL, 'Không tham gia', NULL),
(32, '2001223062', 'CTXH_QK_004', '2025-11-03 09:30:00', 'Đã duyệt', '2025-11-08', '2025-11-08 06:12:00', '2025-11-08 12:00:00', 'Đã tham gia', NULL),
(33, '2001223072', 'CTXH_QK_004', '2025-11-03 09:35:00', 'Đã duyệt', '2025-11-08', '2025-11-08 06:07:00', '2025-11-08 11:52:00', 'Đã tham gia', NULL),
(34, '2001223082', 'CTXH_QK_004', '2025-11-03 09:40:00', 'Đã duyệt', '2025-11-08', '2025-11-08 06:04:00', '2025-11-08 12:03:00', 'Đã tham gia', NULL),
(35, '2001223092', 'CTXH_QK_004', '2025-11-03 09:45:00', 'Đã duyệt', '2025-11-08', '2025-11-08 06:09:00', '2025-11-08 11:56:00', 'Đã tham gia', NULL),
(36, '2001223003', 'CTXH_QK_004', '2025-11-03 09:50:00', 'Đã duyệt', '2025-11-08', '2025-11-08 06:02:00', '2025-11-08 12:01:00', 'Đã tham gia', NULL),
(37, '2001223013', 'CTXH_QK_004', '2025-11-03 09:55:00', 'Đã duyệt', '2025-11-08', '2025-11-08 06:11:00', '2025-11-08 11:59:00', 'Đã tham gia', NULL),
(38, '2001223023', 'CTXH_QK_004', '2025-11-03 10:00:00', 'Đã duyệt', NULL, NULL, NULL, 'Không tham gia', NULL),
(39, '2001223033', 'CTXH_QK_004', '2025-11-03 10:05:00', 'Đã duyệt', '2025-11-08', '2025-11-08 06:06:00', '2025-11-08 11:54:00', 'Đã tham gia', NULL),
(40, '2001223043', 'CTXH_QK_004', '2025-11-03 10:10:00', 'Đã duyệt', '2025-11-08', '2025-11-08 06:01:00', '2025-11-08 12:04:00', 'Đã tham gia', NULL),
(41, '2001223053', 'CTXH_QK_004', '2025-11-03 10:15:00', 'Đã duyệt', '2025-11-08', '2025-11-08 06:13:00', '2025-11-08 11:57:00', 'Đã tham gia', NULL),
(42, '2001223063', 'CTXH_QK_004', '2025-11-03 10:20:00', 'Đã duyệt', '2025-11-08', '2025-11-08 06:09:00', '2025-11-08 12:00:00', 'Đã tham gia', NULL),
(43, '2001223073', 'CTXH_QK_004', '2025-11-03 10:25:00', 'Đã duyệt', '2025-11-08', '2025-11-08 06:05:00', '2025-11-08 11:51:00', 'Đã tham gia', NULL),
(44, '2001223083', 'CTXH_QK_004', '2025-11-03 10:30:00', 'Đã duyệt', '2025-11-08', '2025-11-08 06:08:00', '2025-11-08 12:02:00', 'Đã tham gia', NULL),
(45, '2001223093', 'CTXH_QK_004', '2025-11-03 10:35:00', 'Đã duyệt', '2025-11-08', '2025-11-08 06:04:00', '2025-11-08 11:55:00', 'Đã tham gia', NULL),
(46, '2001223004', 'CTXH_QK_005', '2025-11-08 15:00:00', 'Đã duyệt', '2025-11-14', '2025-11-14 08:00:00', '2025-11-14 16:50:00', 'Đã tham gia', NULL),
(47, '2001223014', 'CTXH_QK_005', '2025-11-08 15:05:00', 'Đã duyệt', '2025-11-14', '2025-11-14 08:05:00', '2025-11-14 16:55:00', 'Đã tham gia', NULL),
(48, '2001223024', 'CTXH_QK_005', '2025-11-08 15:10:00', 'Đã duyệt', '2025-11-14', '2025-11-14 08:02:00', '2025-11-14 16:52:00', 'Đã tham gia', NULL),
(49, '2001223034', 'CTXH_QK_005', '2025-11-08 15:15:00', 'Đã duyệt', '2025-11-14', '2025-11-14 08:08:00', '2025-11-14 16:58:00', 'Đã tham gia', NULL),
(50, '2001223044', 'CTXH_QK_005', '2025-11-08 15:20:00', 'Đã duyệt', '2025-11-14', '2025-11-14 08:03:00', '2025-11-14 16:53:00', 'Đã tham gia', NULL),
(51, '2001223054', 'CTXH_QK_005', '2025-11-08 15:25:00', 'Đã duyệt', NULL, NULL, NULL, 'Không tham gia', NULL),
(52, '2001223064', 'CTXH_QK_005', '2025-11-08 15:30:00', 'Đã duyệt', '2025-11-14', '2025-11-14 08:07:00', '2025-11-14 16:57:00', 'Đã tham gia', NULL),
(53, '2001223074', 'CTXH_QK_005', '2025-11-08 15:35:00', 'Đã duyệt', '2025-11-14', '2025-11-14 08:04:00', '2025-11-14 16:54:00', 'Đã tham gia', NULL),
(54, '2001223084', 'CTXH_QK_005', '2025-11-08 15:40:00', 'Đã duyệt', '2025-11-14', '2025-11-14 08:06:00', '2025-11-14 16:56:00', 'Đã tham gia', NULL),
(55, '2001223094', 'CTXH_QK_005', '2025-11-08 15:45:00', 'Đã duyệt', '2025-11-14', '2025-11-14 08:09:00', '2025-11-14 16:59:00', 'Đã tham gia', NULL),
(56, '2001223005', 'CTXH_QK_005', '2025-11-08 15:50:00', 'Đã duyệt', '2025-11-14', '2025-11-14 08:01:00', '2025-11-14 16:51:00', 'Đã tham gia', NULL),
(57, '2001223015', 'CTXH_QK_005', '2025-11-08 15:55:00', 'Đã duyệt', '2025-11-14', '2025-11-14 08:10:00', '2025-11-14 17:00:00', 'Đã tham gia', NULL),
(58, '2001223025', 'CTXH_QK_005', '2025-11-08 16:00:00', 'Đã duyệt', NULL, NULL, NULL, 'Không tham gia', NULL),
(59, '2001223035', 'CTXH_QK_005', '2025-11-08 16:05:00', 'Đã duyệt', '2025-11-14', '2025-11-14 08:05:00', '2025-11-14 16:55:00', 'Đã tham gia', NULL),
(60, '2001223045', 'CTXH_QK_005', '2025-11-08 16:10:00', 'Đã duyệt', '2025-11-14', '2025-11-14 08:03:00', '2025-11-14 16:53:00', 'Đã tham gia', NULL),
(61, '2001223055', 'CTXH_QK_005', '2025-11-08 16:15:00', 'Đã duyệt', '2025-11-14', '2025-11-14 08:08:00', '2025-11-14 16:58:00', 'Đã tham gia', NULL),
(62, '2001223065', 'CTXH_QK_005', '2025-11-08 16:20:00', 'Đã duyệt', '2025-11-14', '2025-11-14 08:04:00', '2025-11-14 16:54:00', 'Đã tham gia', NULL),
(63, '2001223075', 'CTXH_QK_005', '2025-11-08 16:25:00', 'Đã duyệt', '2025-11-14', '2025-11-14 08:07:00', '2025-11-14 16:57:00', 'Đã tham gia', NULL),
(1476, '2001223005', 'CTXH_TL_001', '2025-12-01 17:13:11', 'Đã duyệt', NULL, NULL, NULL, 'Chưa tham gia', NULL),
(1477, '2001223003', 'CTXH-20260615-BVBY', '2025-12-01 17:19:32', 'Chờ thanh toán', NULL, NULL, NULL, 'Chưa tham gia', 1),
(1478, '2001223003', 'CTXH-20260616-UOIJ', '2025-12-01 17:19:48', 'Chờ thanh toán', NULL, NULL, NULL, 'Chưa tham gia', 2),
(1479, '2001223015', 'CTXH-20260615-BVBY', '2025-12-02 00:06:39', 'Chờ thanh toán', NULL, NULL, NULL, 'Chưa tham gia', 3);

-- --------------------------------------------------------

--
-- Table structure for table `dangkyhoatdongdrl`
--

CREATE TABLE `dangkyhoatdongdrl` (
  `MaDangKy` int(11) NOT NULL,
  `MSSV` varchar(50) NOT NULL,
  `MaHoatDong` varchar(255) NOT NULL,
  `NgayDangKy` datetime NOT NULL,
  `TrangThaiDangKy` varchar(50) DEFAULT NULL,
  `CheckInAt` timestamp NULL DEFAULT NULL,
  `CheckOutAt` timestamp NULL DEFAULT NULL,
  `TrangThaiThamGia` varchar(30) NOT NULL DEFAULT 'Chưa tham gia'
) ENGINE=InnoDB DEFAULT CHARSET=utf8mb4 COLLATE=utf8mb4_unicode_ci;

--
-- Dumping data for table `dangkyhoatdongdrl`
--

INSERT INTO `dangkyhoatdongdrl` (`MaDangKy`, `MSSV`, `MaHoatDong`, `NgayDangKy`, `TrangThaiDangKy`, `CheckInAt`, `CheckOutAt`, `TrangThaiThamGia`) VALUES
(1, '2001223001', 'DRL_QK_001', '2025-10-25 08:00:00', 'Đã duyệt', '2025-10-27 08:00:00', '2025-10-27 09:55:00', 'Đã tham gia'),
(2, '2001223002', 'DRL_QK_001', '2025-10-25 08:05:00', 'Đã duyệt', '2025-10-27 08:05:00', '2025-10-27 10:00:00', 'Đã tham gia'),
(3, '2001223003', 'DRL_QK_001', '2025-10-25 08:10:00', 'Đã duyệt', '2025-10-27 08:02:00', '2025-10-27 09:58:00', 'Đã tham gia'),
(4, '2001223004', 'DRL_QK_001', '2025-10-25 08:15:00', 'Đã duyệt', NULL, NULL, 'Không tham gia'),
(5, '2001223005', 'DRL_QK_001', '2025-10-25 08:20:00', 'Đã duyệt', '2025-10-27 08:08:00', '2025-10-27 10:02:00', 'Đã tham gia'),
(6, '2001223011', 'DRL_QK_001', '2025-10-25 08:25:00', 'Đã duyệt', '2025-10-27 08:03:00', '2025-10-27 09:59:00', 'Đã tham gia'),
(7, '2001223012', 'DRL_QK_001', '2025-10-25 08:30:00', 'Đã duyệt', '2025-10-27 08:10:00', '2025-10-27 10:05:00', 'Đã tham gia'),
(8, '2001223013', 'DRL_QK_001', '2025-10-25 08:35:00', 'Đã duyệt', '2025-10-27 08:01:00', '2025-10-27 09:57:00', 'Đã tham gia'),
(9, '2001223014', 'DRL_QK_001', '2025-10-25 08:40:00', 'Đã duyệt', '2025-10-27 08:06:00', '2025-10-27 10:01:00', 'Đã tham gia'),
(10, '2001223015', 'DRL_QK_001', '2025-10-25 08:45:00', 'Đã duyệt', '2025-10-27 08:04:00', '2025-10-27 10:03:00', 'Đã tham gia'),
(11, '2001223021', 'DRL_QK_001', '2025-10-25 08:50:00', 'Đã duyệt', '2025-10-27 08:09:00', '2025-10-27 10:04:00', 'Đã tham gia'),
(12, '2001223022', 'DRL_QK_001', '2025-10-25 08:55:00', 'Đã duyệt', '2025-10-27 08:02:00', '2025-10-27 09:56:00', 'Đã tham gia'),
(13, '2001223023', 'DRL_QK_001', '2025-10-25 09:00:00', 'Đã duyệt', NULL, NULL, 'Không tham gia'),
(14, '2001223024', 'DRL_QK_001', '2025-10-25 09:05:00', 'Đã duyệt', '2025-10-27 08:07:00', '2025-10-27 10:00:00', 'Đã tham gia'),
(15, '2001223025', 'DRL_QK_001', '2025-10-25 09:10:00', 'Đã duyệt', '2025-10-27 08:05:00', '2025-10-27 10:02:00', 'Đã tham gia'),
(16, '2001223031', 'DRL_QK_001', '2025-10-25 09:15:00', 'Đã duyệt', '2025-10-27 08:03:00', '2025-10-27 09:58:00', 'Đã tham gia'),
(17, '2001223032', 'DRL_QK_001', '2025-10-25 09:20:00', 'Đã duyệt', '2025-10-27 08:08:00', '2025-10-27 10:01:00', 'Đã tham gia'),
(18, '2001223033', 'DRL_QK_001', '2025-10-25 09:25:00', 'Đã duyệt', '2025-10-27 08:04:00', '2025-10-27 10:03:00', 'Đã tham gia'),
(19, '2001223034', 'DRL_QK_001', '2025-10-25 09:30:00', 'Đã duyệt', '2025-10-27 08:06:00', '2025-10-27 09:59:00', 'Đã tham gia'),
(20, '2001223035', 'DRL_QK_001', '2025-10-25 09:35:00', 'Đã duyệt', '2025-10-27 08:02:00', '2025-10-27 10:00:00', 'Đã tham gia'),
(21, '2001223041', 'DRL_QK_001', '2025-10-25 09:40:00', 'Đã duyệt', '2025-10-27 08:09:00', '2025-10-27 10:04:00', 'Đã tham gia'),
(22, '2001223042', 'DRL_QK_001', '2025-10-25 09:45:00', 'Đã duyệt', '2025-10-27 08:03:00', '2025-10-27 09:57:00', 'Đã tham gia'),
(23, '2001223043', 'DRL_QK_001', '2025-10-25 09:50:00', 'Đã duyệt', '2025-10-27 08:07:00', '2025-10-27 10:02:00', 'Đã tham gia'),
(24, '2001223044', 'DRL_QK_001', '2025-10-25 09:55:00', 'Đã duyệt', NULL, NULL, 'Không tham gia'),
(25, '2001223045', 'DRL_QK_001', '2025-10-25 10:00:00', 'Đã duyệt', '2025-10-27 08:05:00', '2025-10-27 10:01:00', 'Đã tham gia'),
(26, '2001223051', 'DRL_QK_001', '2025-10-25 10:05:00', 'Đã duyệt', '2025-10-27 08:04:00', '2025-10-27 10:03:00', 'Đã tham gia'),
(27, '2001223052', 'DRL_QK_001', '2025-10-25 10:10:00', 'Đã duyệt', '2025-10-27 08:08:00', '2025-10-27 09:58:00', 'Đã tham gia'),
(28, '2001223053', 'DRL_QK_001', '2025-10-25 10:15:00', 'Đã duyệt', '2025-10-27 08:06:00', '2025-10-27 10:00:00', 'Đã tham gia'),
(29, '2001223054', 'DRL_QK_001', '2025-10-25 10:20:00', 'Đã duyệt', '2025-10-27 08:02:00', '2025-10-27 10:02:00', 'Đã tham gia'),
(30, '2001223055', 'DRL_QK_001', '2025-10-25 10:25:00', 'Đã duyệt', '2025-10-27 08:09:00', '2025-10-27 10:04:00', 'Đã tham gia'),
(31, '2001223061', 'DRL_QK_001', '2025-10-25 10:30:00', 'Đã duyệt', '2025-10-27 08:03:00', '2025-10-27 09:59:00', 'Đã tham gia'),
(32, '2001223062', 'DRL_QK_001', '2025-10-25 10:35:00', 'Đã duyệt', '2025-10-27 08:07:00', '2025-10-27 10:01:00', 'Đã tham gia'),
(33, '2001223063', 'DRL_QK_001', '2025-10-25 10:40:00', 'Đã duyệt', NULL, NULL, 'Không tham gia'),
(34, '2001223064', 'DRL_QK_001', '2025-10-25 10:45:00', 'Đã duyệt', '2025-10-27 08:05:00', '2025-10-27 10:03:00', 'Đã tham gia'),
(35, '2001223065', 'DRL_QK_001', '2025-10-25 10:50:00', 'Đã duyệt', '2025-10-27 08:04:00', '2025-10-27 09:58:00', 'Đã tham gia'),
(36, '2001223071', 'DRL_QK_001', '2025-10-25 10:55:00', 'Đã duyệt', '2025-10-27 08:08:00', '2025-10-27 10:02:00', 'Đã tham gia'),
(37, '2001223072', 'DRL_QK_001', '2025-10-25 11:00:00', 'Đã duyệt', '2025-10-27 08:06:00', '2025-10-27 10:00:00', 'Đã tham gia'),
(38, '2001223073', 'DRL_QK_001', '2025-10-25 11:05:00', 'Đã duyệt', '2025-10-27 08:02:00', '2025-10-27 10:01:00', 'Đã tham gia'),
(39, '2001223074', 'DRL_QK_001', '2025-10-25 11:10:00', 'Đã duyệt', '2025-10-27 08:09:00', '2025-10-27 10:04:00', 'Đã tham gia'),
(40, '2001223075', 'DRL_QK_001', '2025-10-25 11:15:00', 'Đã duyệt', '2025-10-27 08:03:00', '2025-10-27 09:57:00', 'Đã tham gia'),
(41, '2001223081', 'DRL_QK_001', '2025-10-25 11:20:00', 'Đã duyệt', '2025-10-27 08:07:00', '2025-10-27 10:02:00', 'Đã tham gia'),
(42, '2001223082', 'DRL_QK_001', '2025-10-25 11:25:00', 'Đã duyệt', '2025-10-27 08:05:00', '2025-10-27 10:01:00', 'Đã tham gia'),
(43, '2001223083', 'DRL_QK_001', '2025-10-25 11:30:00', 'Đã duyệt', NULL, NULL, 'Không tham gia'),
(44, '2001223084', 'DRL_QK_001', '2025-10-25 11:35:00', 'Đã duyệt', '2025-10-27 08:04:00', '2025-10-27 10:03:00', 'Đã tham gia'),
(45, '2001223085', 'DRL_QK_001', '2025-10-25 11:40:00', 'Đã duyệt', '2025-10-27 08:08:00', '2025-10-27 09:59:00', 'Đã tham gia'),
(46, '2001223091', 'DRL_QK_001', '2025-10-25 11:45:00', 'Đã duyệt', '2025-10-27 08:06:00', '2025-10-27 10:00:00', 'Đã tham gia'),
(47, '2001223092', 'DRL_QK_001', '2025-10-25 11:50:00', 'Đã duyệt', '2025-10-27 08:02:00', '2025-10-27 10:02:00', 'Đã tham gia'),
(48, '2001223093', 'DRL_QK_001', '2025-10-25 11:55:00', 'Đã duyệt', '2025-10-27 08:09:00', '2025-10-27 10:04:00', 'Đã tham gia'),
(49, '2001223094', 'DRL_QK_001', '2025-10-25 12:00:00', 'Đã duyệt', '2025-10-27 08:03:00', '2025-10-27 09:58:00', 'Đã tham gia'),
(50, '2001223095', 'DRL_QK_001', '2025-10-25 12:05:00', 'Đã duyệt', '2025-10-27 08:07:00', '2025-10-27 10:01:00', 'Đã tham gia'),
(51, '2001223001', 'DRL_QK_002', '2025-10-30 10:00:00', 'Đã duyệt', '2025-11-01 14:05:00', '2025-11-01 15:55:00', 'Đã tham gia'),
(52, '2001223010', 'DRL_QK_002', '2025-10-30 10:05:00', 'Đã duyệt', '2025-11-01 14:02:00', '2025-11-01 15:58:00', 'Đã tham gia'),
(53, '2001223020', 'DRL_QK_002', '2025-10-30 10:10:00', 'Đã duyệt', NULL, NULL, 'Không tham gia'),
(54, '2001223030', 'DRL_QK_002', '2025-10-30 10:15:00', 'Đã duyệt', '2025-11-01 14:08:00', '2025-11-01 15:52:00', 'Đã tham gia'),
(55, '2001223040', 'DRL_QK_002', '2025-10-30 10:20:00', 'Đã duyệt', '2025-11-01 14:03:00', '2025-11-01 15:57:00', 'Đã tham gia'),
(56, '2001223002', 'DRL_QK_003', '2025-11-04 09:00:00', 'Đã duyệt', '2025-11-06 09:00:00', '2025-11-06 10:58:00', 'Đã tham gia'),
(57, '2001223012', 'DRL_QK_003', '2025-11-04 09:05:00', 'Đã duyệt', '2025-11-06 09:05:00', '2025-11-06 11:02:00', 'Đã tham gia'),
(58, '2001223022', 'DRL_QK_003', '2025-11-04 09:10:00', 'Đã duyệt', NULL, NULL, 'Không tham gia'),
(59, '2001223032', 'DRL_QK_003', '2025-11-04 09:15:00', 'Đã duyệt', '2025-11-06 09:03:00', '2025-11-06 11:00:00', 'Đã tham gia'),
(60, '2001223042', 'DRL_QK_003', '2025-11-04 09:20:00', 'Đã duyệt', '2025-11-06 09:08:00', '2025-11-06 10:55:00', 'Đã tham gia'),
(61, '2001223003', 'DRL_QK_004', '2025-11-09 13:00:00', 'Đã duyệt', '2025-11-11 13:30:00', '2025-11-11 15:28:00', 'Đã tham gia'),
(62, '2001223013', 'DRL_QK_004', '2025-11-09 13:05:00', 'Đã duyệt', '2025-11-11 13:35:00', '2025-11-11 15:32:00', 'Đã tham gia'),
(63, '2001223023', 'DRL_QK_004', '2025-11-09 13:10:00', 'Đã duyệt', NULL, NULL, 'Không tham gia'),
(64, '2001223033', 'DRL_QK_004', '2025-11-09 13:15:00', 'Đã duyệt', '2025-11-11 13:32:00', '2025-11-11 15:30:00', 'Đã tham gia'),
(65, '2001223043', 'DRL_QK_004', '2025-11-09 13:20:00', 'Đã duyệt', '2025-11-11 13:28:00', '2025-11-11 15:25:00', 'Đã tham gia'),
(66, '2001223004', 'DRL_QK_005', '2025-11-14 10:00:00', 'Đã duyệt', '2025-11-16 10:00:00', '2025-11-16 11:58:00', 'Đã tham gia'),
(67, '2001223014', 'DRL_QK_005', '2025-11-14 10:05:00', 'Đã duyệt', '2025-11-16 10:05:00', '2025-11-16 12:02:00', 'Đã tham gia'),
(68, '2001223024', 'DRL_QK_005', '2025-11-14 10:10:00', 'Đã duyệt', NULL, NULL, 'Không tham gia'),
(69, '2001223034', 'DRL_QK_005', '2025-11-14 10:15:00', 'Đã duyệt', '2025-11-16 10:03:00', '2025-11-16 12:00:00', 'Đã tham gia'),
(70, '2001223044', 'DRL_QK_005', '2025-11-14 10:20:00', 'Đã duyệt', '2025-11-16 10:08:00', '2025-11-16 11:55:00', 'Đã tham gia'),
(1533, '2001223015', 'DRL-20251127-CA3L', '2025-12-01 23:52:00', 'Đã duyệt', NULL, NULL, 'Chưa tham gia');

-- --------------------------------------------------------

--
-- Table structure for table `diadiemdiachido`
--

CREATE TABLE `diadiemdiachido` (
  `id` bigint(20) UNSIGNED NOT NULL,
  `TenDiaDiem` varchar(255) NOT NULL,
  `DiaChi` text DEFAULT NULL,
  `GiaTien` decimal(10,0) NOT NULL DEFAULT 0,
  `TrangThai` enum('KhaDung','TamNgung') NOT NULL DEFAULT 'KhaDung',
  `created_at` timestamp NULL DEFAULT NULL,
  `updated_at` timestamp NULL DEFAULT NULL
) ENGINE=InnoDB DEFAULT CHARSET=utf8mb4 COLLATE=utf8mb4_unicode_ci;

--
-- Dumping data for table `diadiemdiachido`
--

INSERT INTO `diadiemdiachido` (`id`, `TenDiaDiem`, `DiaChi`, `GiaTien`, `TrangThai`, `created_at`, `updated_at`) VALUES
(6, 'Địa đạo Củ Chi', 'Ấp Phú Hiệp – xã Phú Mỹ Hưng – huyện Củ Chi – TP. Hồ Chí Minh', 255000, 'KhaDung', '2025-11-24 12:16:14', '2025-11-24 12:16:14'),
(7, 'Văn Miếu Trấn Biên', 'Phường Bửu Long, Biên Hòa, Đồng Nai', 235000, 'KhaDung', '2025-11-24 12:17:19', '2025-11-24 12:17:19');

-- --------------------------------------------------------

--
-- Table structure for table `diemctxh`
--

CREATE TABLE `diemctxh` (
  `MSSV` varchar(50) NOT NULL,
  `TongDiem` int(11) NOT NULL,
  `NgayCapNhat` datetime NOT NULL
) ENGINE=InnoDB DEFAULT CHARSET=utf8mb4 COLLATE=utf8mb4_unicode_ci;

--
-- Dumping data for table `diemctxh`
--

INSERT INTO `diemctxh` (`MSSV`, `TongDiem`, `NgayCapNhat`) VALUES
('2001223003', 60, '2025-12-01 16:53:01'),
('2001223015', 40, '2025-12-01 23:55:53'),
('2001223051', 170, '2025-12-01 13:01:27'),
('2001223052', 140, '2025-12-01 13:01:27'),
('2001223053', 155, '2025-12-01 13:01:27'),
('2001223054', 170, '2025-12-01 13:01:27'),
('2001223055', 40, '2025-12-01 19:50:40'),
('2001223056', 110, '2025-12-01 13:01:27'),
('2001223057', 90, '2025-12-01 13:01:27'),
('2001223058', 150, '2025-12-01 13:01:27'),
('2001223059', 170, '2025-12-01 13:01:27');

-- --------------------------------------------------------

--
-- Table structure for table `diemrenluyen`
--

CREATE TABLE `diemrenluyen` (
  `MaDiemRenLuyen` int(11) NOT NULL,
  `MSSV` varchar(50) NOT NULL,
  `MaHocKy` varchar(255) NOT NULL,
  `TongDiem` int(11) NOT NULL,
  `XepLoai` enum('Xuất Sắc','Giỏi','Khá','Trung Bình','Yếu','Kém') NOT NULL,
  `NgayCapNhat` datetime NOT NULL
) ENGINE=InnoDB DEFAULT CHARSET=utf8mb4 COLLATE=utf8mb4_unicode_ci;

--
-- Dumping data for table `diemrenluyen`
--

INSERT INTO `diemrenluyen` (`MaDiemRenLuyen`, `MSSV`, `MaHocKy`, `TongDiem`, `XepLoai`, `NgayCapNhat`) VALUES
(25, '2001223078', 'HK1_2526', 70, 'Khá', '2025-11-28 17:01:01'),
(26, '2001223003', 'HK1_2526', 70, 'Khá', '2025-12-01 23:14:35'),
(27, '2001223067', 'HK1_2526', -3, 'Kém', '2025-12-01 17:14:40'),
(29, '2001223053', 'HK1_2526', 95, 'Xuất Sắc', '2025-11-28 17:01:01'),
(30, '2001223054', 'HK1_2526', 83, 'Giỏi', '2025-11-28 17:01:01'),
(31, '2001223055', 'HK1_2526', 68, 'Trung Bình', '2025-11-28 17:01:01'),
(32, '2001223056', 'HK1_2526', 70, 'Khá', '2025-11-28 17:01:01'),
(33, '2001223057', 'HK1_2526', 73, 'Khá', '2025-11-28 17:01:01'),
(34, '2001223058', 'HK1_2526', 77, 'Khá', '2025-11-28 17:01:01'),
(35, '2001223059', 'HK1_2526', 80, 'Giỏi', '2025-11-28 17:01:01'),
(36, '2001223060', 'HK1_2526', 70, 'Khá', '2025-11-28 17:01:01'),
(37, '2001223052', 'HK1_2526', 70, 'Khá', '2025-11-28 17:01:01'),
(38, '2001223051', 'HK1_2526', 70, 'Khá', '2025-11-28 17:01:01'),
(48, '2001223001', 'HK1_2526', 70, 'Khá', '2025-12-01 23:15:06'),
(49, '2001223019', 'HK1_2526', 70, 'Khá', '2025-12-01 23:30:20'),
(50, '2001223015', 'HK1_2526', 90, 'Xuất Sắc', '2025-12-02 00:02:41');

-- --------------------------------------------------------

--
-- Table structure for table `dieuchinhdrl`
--

CREATE TABLE `dieuchinhdrl` (
  `MaDieuChinh` bigint(20) UNSIGNED NOT NULL,
  `MSSV` varchar(50) NOT NULL,
  `MaHocKy` varchar(255) NOT NULL,
  `MaNV` varchar(50) NOT NULL,
  `MaDiem` varchar(10) NOT NULL,
  `NgayCapNhat` datetime NOT NULL,
  `created_at` timestamp NULL DEFAULT NULL,
  `updated_at` timestamp NULL DEFAULT NULL
) ENGINE=InnoDB DEFAULT CHARSET=utf8mb4 COLLATE=utf8mb4_unicode_ci;

--
-- Dumping data for table `dieuchinhdrl`
--

INSERT INTO `dieuchinhdrl` (`MaDieuChinh`, `MSSV`, `MaHocKy`, `MaNV`, `MaDiem`, `NgayCapNhat`, `created_at`, `updated_at`) VALUES
(2, '2001223067', 'HK1_2526', 'NV002', 'DRL03', '2025-12-01 17:14:40', '2025-12-01 10:14:40', '2025-12-01 10:14:40');

-- --------------------------------------------------------

--
-- Table structure for table `dot_dia_chi_do`
--

CREATE TABLE `dot_dia_chi_do` (
  `id` bigint(20) UNSIGNED NOT NULL,
  `TenDot` varchar(255) NOT NULL,
  `NgayBatDau` date NOT NULL,
  `NgayKetThuc` date NOT NULL,
  `TrangThai` enum('SapDienRa','DangDienRa','DaKetThuc') NOT NULL DEFAULT 'SapDienRa',
  `created_at` timestamp NULL DEFAULT NULL,
  `updated_at` timestamp NULL DEFAULT NULL
) ENGINE=InnoDB DEFAULT CHARSET=utf8mb4 COLLATE=utf8mb4_unicode_ci;

--
-- Dumping data for table `dot_dia_chi_do`
--

INSERT INTO `dot_dia_chi_do` (`id`, `TenDot`, `NgayBatDau`, `NgayKetThuc`, `TrangThai`, `created_at`, `updated_at`) VALUES
(3, 'Chiến dịch Mùa hè 2025', '2025-06-15', '2025-06-30', 'DaKetThuc', '2025-11-24 15:40:15', '2025-12-01 09:44:05'),
(4, 'Chiến dịch Mùa hè 2026', '2026-06-15', '2026-06-30', 'SapDienRa', '2025-11-24 15:40:15', '2025-12-01 09:43:50');

-- --------------------------------------------------------

--
-- Table structure for table `failed_jobs`
--

CREATE TABLE `failed_jobs` (
  `id` bigint(20) UNSIGNED NOT NULL,
  `uuid` varchar(255) NOT NULL,
  `connection` text NOT NULL,
  `queue` text NOT NULL,
  `payload` longtext NOT NULL,
  `exception` longtext NOT NULL,
  `failed_at` timestamp NOT NULL DEFAULT current_timestamp()
) ENGINE=InnoDB DEFAULT CHARSET=utf8mb4 COLLATE=utf8mb4_unicode_ci;

-- --------------------------------------------------------

--
-- Table structure for table `feature_vector_logs`
--

CREATE TABLE `feature_vector_logs` (
  `id` bigint(20) UNSIGNED NOT NULL,
  `MSSV` varchar(20) NOT NULL,
  `feature_vector` longtext CHARACTER SET utf8mb4 COLLATE utf8mb4_bin NOT NULL CHECK (json_valid(`feature_vector`)),
  `cluster_id` int(11) DEFAULT NULL,
  `logged_at` timestamp NOT NULL DEFAULT current_timestamp(),
  `created_at` timestamp NULL DEFAULT NULL,
  `updated_at` timestamp NULL DEFAULT NULL
) ENGINE=InnoDB DEFAULT CHARSET=utf8mb4 COLLATE=utf8mb4_unicode_ci;

-- --------------------------------------------------------

--
-- Table structure for table `giangvien`
--

CREATE TABLE `giangvien` (
  `MaGV` varchar(50) NOT NULL,
  `TenGV` varchar(255) NOT NULL,
  `Email` varchar(255) NOT NULL,
  `SDT` varchar(20) NOT NULL,
  `GioiTinh` varchar(10) DEFAULT NULL
) ENGINE=InnoDB DEFAULT CHARSET=utf8mb4 COLLATE=utf8mb4_unicode_ci;

--
-- Dumping data for table `giangvien`
--

INSERT INTO `giangvien` (`MaGV`, `TenGV`, `Email`, `SDT`, `GioiTinh`) VALUES
('GV001', 'Nguyễn Thanh Tuấn', 'tuannt.cntt@gmail.com', '0912345678', 'Nam'),
('GV002', 'Trần Thị Thu Hương', 'huongtran.food@gmail.com', '0987654321', 'Nữ'),
('GV003', 'Lê Minh Hoàng', 'hoangle.mech@gmail.com', '0909123001', 'Nam'),
('GV004', 'Phạm Thu Thảo', 'thaopham.acc@gmail.com', '0345678999', 'Nữ'),
('GV005', 'Nguyễn Thị Thùy Trang', 'thuytrang123@gmail.com', '0345666666', 'Nữ'),
('GV006', 'Đặng Ngọc Lan', 'lanngoc.dl@gmail.com', '0855667788', 'Nữ');

-- --------------------------------------------------------

--
-- Table structure for table `hoatdongctxh`
--

CREATE TABLE `hoatdongctxh` (
  `MaHoatDong` varchar(255) NOT NULL,
  `dot_id` bigint(20) UNSIGNED DEFAULT NULL,
  `diadiem_id` bigint(20) UNSIGNED DEFAULT NULL,
  `TenHoatDong` varchar(255) NOT NULL,
  `MoTa` mediumtext DEFAULT NULL,
  `ThoiGianBatDau` datetime NOT NULL,
  `ThoiGianKetThuc` datetime NOT NULL,
  `ThoiHanHuy` datetime DEFAULT NULL,
  `DiaDiem` varchar(255) DEFAULT NULL,
  `SoLuong` int(11) NOT NULL,
  `LoaiHoatDong` varchar(100) NOT NULL DEFAULT 'Khac',
  `MaQuyDinhDiem` varchar(10) NOT NULL,
  `CheckInToken` varchar(64) DEFAULT NULL,
  `CheckInOpenAt` datetime DEFAULT NULL,
  `CheckInExpiresAt` datetime DEFAULT NULL,
  `CheckOutToken` varchar(64) DEFAULT NULL,
  `CheckOutOpenAt` datetime DEFAULT NULL,
  `CheckOutExpiresAt` datetime DEFAULT NULL,
  `TokenExpiresAt` datetime DEFAULT NULL,
  `category_tags` varchar(255) DEFAULT NULL COMMENT 'Comma-separated interest IDs'
) ENGINE=InnoDB DEFAULT CHARSET=utf8mb4 COLLATE=utf8mb4_unicode_ci;

--
-- Dumping data for table `hoatdongctxh`
--

INSERT INTO `hoatdongctxh` (`MaHoatDong`, `dot_id`, `diadiem_id`, `TenHoatDong`, `MoTa`, `ThoiGianBatDau`, `ThoiGianKetThuc`, `ThoiHanHuy`, `DiaDiem`, `SoLuong`, `LoaiHoatDong`, `MaQuyDinhDiem`, `CheckInToken`, `CheckInOpenAt`, `CheckInExpiresAt`, `CheckOutToken`, `CheckOutOpenAt`, `CheckOutExpiresAt`, `TokenExpiresAt`, `category_tags`) VALUES
('CTXH_QK_001', NULL, NULL, 'HỖ TRỢ PHÒNG ĐÀO TẠO', 'Yêu cầu: Yêu cầu mặc áo đồng phục, mang giày thể thao hoặc dép quai hậu)', '2025-10-22 07:00:00', '2025-10-22 11:00:00', '2025-10-17 19:00:00', 'Phòng Đào Tạo', 10, '', 'CTXH15', 'NdVdI7BdfHs6d0aPL9emIIoMCNp8t64mzSaBlXTYlus0F1hFYDGZAVUmVTL4Kf20', '2025-10-22 06:30:50', '2025-10-22 08:00:50', '42WxlbXEYRBiK7UD4oNNK2GLW6PAuGC5zVPlVDRnC5wa6ZMUxLDIk2KaW7nK3R5y', '2025-10-22 10:45:50', '2025-10-22 11:30:50', NULL, '8,10'),
('CTXH_QK_002', NULL, NULL, 'HỖ TRỢ PHÒNG CÔNG TÁC SINH VIÊN', 'Yêu cầu: Yêu cầu mặc áo đồng phục, đeo thẻ sinh viên\r\nNgười phụ trách: Cô Lệ', '2025-10-29 08:00:00', '2025-10-29 16:00:00', '2025-10-28 19:00:00', 'Phòng Công tác sinh viên', 5, '', 'CTXH03', 'Q1EnR4oyAnS8PvQO23PMk8nIn5Yhel7ovXLrOIAwSawqHmnNnwFz299fgUoqthOl', '2025-10-29 07:30:50', '2025-10-29 09:00:50', 'gRzC9KTgfNrozowvpksKYjietYSyCtBb9qlHQlKiY9DZtSNF3CF32Sj3Xm7XKjgg', '2025-10-29 15:45:50', '2025-10-29 16:30:50', NULL, '8,10'),
('CTXH_QK_003', NULL, NULL, 'Thông báo về quy trình và danh sách tham gia Hiến máu nhân đạo ngày 04/11/2025', 'Quy trình: Ghi phiếu thông tin -> Đo huyết áp -> Nhập thông tin, cấp mã số -> Khám -> Uống trà đường -> Lấy máu -> Nhận phiếu hiến máu, quà.\r\nLưu ý: mang theo CCCD khi hiến máu (bắt buộc), thẻ hiến máu (nếu có), ăn sáng trước khi hiến máu, hạn chế ăn chất béo, không uống cafe, không uống sữa, không uống rượu, bia; không thức khuya (đêm trước ngày hiến máu).', '2025-11-04 14:00:00', '2025-11-04 18:00:00', '2025-11-02 19:00:00', 'Công ty TNHH MTV Nước ngầm Sài Gòn, địa chỉ: số 33 Chế Lan Viên, phường Tây Thạnh', 10, '', 'CTXH03', '1EKhRSiWtT4nxKvMLH5pEtUhfidenQjBMjWDE2L4x5kOlypGXBfAI984z4kYARFa', '2025-11-04 13:30:50', '2025-11-04 15:00:50', 'xSQNYgO7QOjtAjYgPnGvIIKipKpVNlEQHgHRznFU2oRTOFQO4rtrlgkVdHREynca', '2025-11-04 17:45:50', '2025-11-04 18:30:50', NULL, '4,8'),
('CTXH_QK_004', NULL, NULL, 'PHỤC VỤ CỘNG ĐỒNG TRÊN ĐỊA BÀN QUẬN TÂN PHÚ', 'Trường Đại học Công Thương triển khai 02 đội hình sinh viên tình nguyện tham gia công tác phục vụ cộng đồng trên địa bàn Quận Tân phú, cụ thể:\r\n🌳 Đội hình 1) Tham gia công tác hỗ trợ điều tiết giao thông tại 5 giao lộ trọng điểm và 17 điểm trường trên địa bàn Quận Tân phú.\r\n🌳 Đội hình 2) Tham gia khỏ sát dữ liệu phòng cháy chữa cháy tại 237 khu phố trên địa bàn Quận Tân phú.', '2025-11-08 06:00:00', '2025-11-08 12:00:00', '2025-11-05 19:00:00', '140 Lê Trọng Tấn, Phường Tây Thạnh, Quận Tân Phú', 20, '', 'CTXH15', 'yPS8XN5blxM5MtZN1bHMyGfV8ma18deSatJSftti9DiKSgW0b4la6IGG5lI7JxYB', '2025-11-08 05:30:50', '2025-11-08 07:00:50', 'GOQZRpU1x97itxKiNx79Nwm0TzlZqbG2JelLEJvddJ09Lkuc3eXE6smti5mtYUcG', '2025-11-08 09:45:50', '2025-11-08 10:30:50', NULL, '4,9'),
('CTXH_QK_005', NULL, NULL, 'Công tác đón tiếp và hỗ trợ Tân sinh viên Khóa 16 nhập học', 'Triển khai lực lượng sinh viên tình nguyện và cán bộ nòng cốt tham gia hướng dẫn quy trình nhập học, phân luồng giao thông, hỗ trợ thủ tục hành chính và tư vấn nhà trọ. Hoạt động nhằm đảm bảo công tác nhập học diễn ra trật tự, nhanh chóng, đồng thời thể hiện văn hóa nhà trường đối với sinh viên khóa mới và phụ huynh.', '2025-11-14 08:00:00', '2025-11-14 17:00:00', '2025-11-10 09:00:00', '140 Lê Trọng Tấn, Phường Tây Thạnh, Quận Tân Phú', 20, '', 'CTXH19', 'RBiSj5dcKFABZSrJuyDodBQApfR5168hhZC4bdVXKj1VFi3j9SFsd2jFdyC0OUVO', '2025-11-14 08:30:50', '2025-11-14 10:00:50', 'l3MdVFN0cwYkTB2RmW7Z5SVURZ4nJIljeNrU4exdRJhX8ReXOa0ruCAmL11qa73v', '2025-11-14 12:45:50', '2025-11-14 13:30:50', NULL, '8,10'),
('CTXH_TL_001', NULL, NULL, 'Tìm kiếm tài năng công dân trẻ tháng 12', 'Hoạt động xã hội', '2025-12-03 14:00:50', '2025-12-03 17:00:50', NULL, 'Hội trường chính', 200, '', 'CTXH26', 'VojXeYej1ockCEsoJWJUW0hz0sSJ9DHW9TEgeS5WGxoEmKVmoQhgzfWnG3KkdEVn', '2025-12-03 13:30:50', '2025-12-03 15:00:50', 'DjZdYcddWwW5Cgrd22b3f2K6ITjAMpKZtyOp9dSc9vU2npdWSbNVe1hBm95KXJKV', '2025-12-03 16:45:50', '2025-12-03 17:30:50', NULL, '3,7'),
('CTXH_TL_002', NULL, NULL, 'Hoạt động tình nguyện giáo dục thiếu nhi', 'Hoạt động xã hội', '2025-12-08 08:00:50', '2025-12-08 12:00:50', NULL, 'Trường tiểu học Ngô Quyền', 50, '', 'CTXH26', '6jq7c8i3fKsd80LUOMv33gZhljgRvEczGZ75KGyi9tetKVvS3VIHmarr2Acrnqtr', '2025-12-08 07:30:50', '2025-12-08 09:00:50', 'dnsvlmZOoDvR69rA9XhFBsANLOOEtmtJXhSWccR2bs5s0rzhGYKnuDMyYkKSiiZ6', '2025-12-08 11:45:50', '2025-12-08 12:30:50', NULL, '4,8'),
('CTXH_TL_003', NULL, NULL, 'Chiến dịch bảo vệ môi trường - Thu gom rác thải', 'Hoạt động xã hội', '2025-12-14 07:00:50', '2025-12-14 10:00:50', NULL, 'Công viên Tao Đàn', 75, '', 'CTXH26', 'nloQz8MN4pYWP8Wfq4bnfHmS6Y0lx6Otzuf0HYNwXxgQRXfVjGZ3XCUT9dFDqky4', '2025-12-14 06:30:50', '2025-12-14 08:00:50', 'R4U5dylvHDpLxD5KXjATrXSKmWE3R52DweX26aVEQAMFUHd86WTXywsA13eMc5BP', '2025-12-14 09:45:50', '2025-12-14 10:30:50', NULL, '4,9'),
('CTXH_TL_004', NULL, NULL, 'Chương trình kỹ năng sống cho thanh thiếu niên', 'Hoạt động xã hội', '2025-12-18 13:00:50', '2025-12-18 16:00:50', NULL, 'Trung tâm thanh thiếu nhi', 60, '', 'CTXH26', 'EGZAfL0keCLhNa7eo0TZhQeOvtFuDx6vPIfFk4VGono9HFydJIYuHuxdY0Vp151Q', '2025-12-18 12:30:50', '2025-12-18 14:00:50', 'rhnFS6hreBh7RsgWcOQCg6kHDW4rL3FCVHUgxDUzkZNkJdLIoCSnIon2LpgwUrd3', '2025-12-18 15:45:50', '2025-12-18 16:30:50', NULL, '5,8'),
('CTXH_TL_005', NULL, NULL, 'Hỗ trợ khôi phục vệ sinh công cộng sau mưa bão', 'Hoạt động xã hội', '2025-12-24 08:00:50', '2025-12-24 14:00:50', NULL, 'Các tuyến phố thành phố', 110, '', 'CTXH26', 'Zui6EgExsAr7LhoD52mI8ohu2egx9mzEgusJygluOhanTzqCjoKo5JmkmQNFmLqM', '2025-12-24 07:30:50', '2025-12-24 09:00:50', 'V7fHuvJHwCgTkpl0sKwWmsNxQH78GPMzCruDoAJYgl8PXDGD3idyRVagBHIrCvRR', '2025-12-24 13:45:50', '2025-12-24 14:30:50', NULL, '1,4'),
('CTXH-20260615-BVBY', 4, 6, 'Tham quan Địa Đạo Củ Chi - Ngày 15/06/2026', 'Hoạt động thuộc đợt \"Chiến dịch Mùa hè 2026\" tại Địa đạo Củ Chi', '2026-06-15 06:00:00', '2026-06-15 12:00:00', '2026-06-14 18:00:00', 'Tập trung tại cổng chính', 100, 'Địa chỉ đỏ', 'CTXH26', NULL, NULL, NULL, NULL, NULL, NULL, NULL, NULL),
('CTXH-20260616-UOIJ', 4, 6, 'Tham quan Địa Đạo Củ Chi - Ngày 16/06/2026', 'Hoạt động thuộc đợt \"Chiến dịch Mùa hè 2026\" tại Địa đạo Củ Chi', '2026-06-16 06:00:00', '2026-06-16 12:00:00', '2026-06-15 18:00:00', 'Tập trung tại cổng chính', 100, 'Địa chỉ đỏ', 'CTXH26', NULL, NULL, NULL, NULL, NULL, NULL, NULL, NULL),
('CTXH-20260617-NQCM', 4, 6, 'Tham quan Địa Đạo Củ Chi - Ngày 17/06/2026', 'Hoạt động thuộc đợt \"Chiến dịch Mùa hè 2026\" tại Địa đạo Củ Chi', '2026-06-17 06:00:00', '2026-06-17 12:00:00', '2026-06-16 18:00:00', 'Tập trung tại cổng chính', 100, 'Địa chỉ đỏ', 'CTXH26', NULL, NULL, NULL, NULL, NULL, NULL, NULL, NULL),
('CTXH-20260618-ZNJZ', 4, 6, 'Tham quan Địa Đạo Củ Chi - Ngày 18/06/2026', 'Hoạt động thuộc đợt \"Chiến dịch Mùa hè 2026\" tại Địa đạo Củ Chi', '2026-06-18 06:00:00', '2026-06-18 12:00:00', '2026-06-17 18:00:00', 'Tập trung tại cổng chính', 100, 'Địa chỉ đỏ', 'CTXH26', NULL, NULL, NULL, NULL, NULL, NULL, NULL, NULL),
('CTXH-20260619-OKCN', 4, 6, 'Tham quan Địa Đạo Củ Chi - Ngày 19/06/2026', 'Hoạt động thuộc đợt \"Chiến dịch Mùa hè 2026\" tại Địa đạo Củ Chi', '2026-06-19 06:00:00', '2026-06-19 12:00:00', '2026-06-18 18:00:00', 'Tập trung tại cổng chính', 100, 'Địa chỉ đỏ', 'CTXH26', NULL, NULL, NULL, NULL, NULL, NULL, NULL, NULL),
('CTXH-20260620-NYQE', 4, 6, 'Tham quan Địa Đạo Củ Chi - Ngày 20/06/2026', 'Hoạt động thuộc đợt \"Chiến dịch Mùa hè 2026\" tại Địa đạo Củ Chi', '2026-06-20 06:00:00', '2026-06-20 12:00:00', '2026-06-19 18:00:00', 'Tập trung tại cổng chính', 100, 'Địa chỉ đỏ', 'CTXH26', NULL, NULL, NULL, NULL, NULL, NULL, NULL, NULL),
('CTXH-20260621-ZT5M', 4, 6, 'Tham quan Địa Đạo Củ Chi - Ngày 21/06/2026', 'Hoạt động thuộc đợt \"Chiến dịch Mùa hè 2026\" tại Địa đạo Củ Chi', '2026-06-21 06:00:00', '2026-06-21 12:00:00', '2026-06-20 18:00:00', 'Tập trung tại cổng chính', 100, 'Địa chỉ đỏ', 'CTXH26', NULL, NULL, NULL, NULL, NULL, NULL, NULL, NULL),
('CTXH-20260622-ZOVO', 4, 6, 'Tham quan Địa Đạo Củ Chi - Ngày 22/06/2026', 'Hoạt động thuộc đợt \"Chiến dịch Mùa hè 2026\" tại Địa đạo Củ Chi', '2026-06-22 06:00:00', '2026-06-22 12:00:00', '2026-06-21 18:00:00', 'Tập trung tại cổng chính', 100, 'Địa chỉ đỏ', 'CTXH26', NULL, NULL, NULL, NULL, NULL, NULL, NULL, NULL),
('CTXH-20260623-ELUD', 4, 6, 'Tham quan Địa Đạo Củ Chi - Ngày 23/06/2026', 'Hoạt động thuộc đợt \"Chiến dịch Mùa hè 2026\" tại Địa đạo Củ Chi', '2026-06-23 06:00:00', '2026-06-23 12:00:00', '2026-06-22 18:00:00', 'Tập trung tại cổng chính', 100, 'Địa chỉ đỏ', 'CTXH26', NULL, NULL, NULL, NULL, NULL, NULL, NULL, NULL),
('CTXH-20260624-F68V', 4, 6, 'Tham quan Địa Đạo Củ Chi - Ngày 24/06/2026', 'Hoạt động thuộc đợt \"Chiến dịch Mùa hè 2026\" tại Địa đạo Củ Chi', '2026-06-24 06:00:00', '2026-06-24 12:00:00', '2026-06-23 18:00:00', 'Tập trung tại cổng chính', 100, 'Địa chỉ đỏ', 'CTXH26', NULL, NULL, NULL, NULL, NULL, NULL, NULL, NULL),
('CTXH-20260625-LIE9', 4, 6, 'Tham quan Địa Đạo Củ Chi - Ngày 25/06/2026', 'Hoạt động thuộc đợt \"Chiến dịch Mùa hè 2026\" tại Địa đạo Củ Chi', '2026-06-25 06:00:00', '2026-06-25 12:00:00', '2026-06-24 18:00:00', 'Tập trung tại cổng chính', 100, 'Địa chỉ đỏ', 'CTXH26', NULL, NULL, NULL, NULL, NULL, NULL, NULL, NULL),
('CTXH-20260626-SX7E', 4, 6, 'Tham quan Địa Đạo Củ Chi - Ngày 26/06/2026', 'Hoạt động thuộc đợt \"Chiến dịch Mùa hè 2026\" tại Địa đạo Củ Chi', '2026-06-26 06:00:00', '2026-06-26 12:00:00', '2026-06-25 18:00:00', 'Tập trung tại cổng chính', 100, 'Địa chỉ đỏ', 'CTXH26', NULL, NULL, NULL, NULL, NULL, NULL, NULL, NULL),
('CTXH-20260627-CLEG', 4, 6, 'Tham quan Địa Đạo Củ Chi - Ngày 27/06/2026', 'Hoạt động thuộc đợt \"Chiến dịch Mùa hè 2026\" tại Địa đạo Củ Chi', '2026-06-27 06:00:00', '2026-06-27 12:00:00', '2026-06-26 18:00:00', 'Tập trung tại cổng chính', 100, 'Địa chỉ đỏ', 'CTXH26', NULL, NULL, NULL, NULL, NULL, NULL, NULL, NULL),
('CTXH-20260628-IR4P', 4, 6, 'Tham quan Địa Đạo Củ Chi - Ngày 28/06/2026', 'Hoạt động thuộc đợt \"Chiến dịch Mùa hè 2026\" tại Địa đạo Củ Chi', '2026-06-28 06:00:00', '2026-06-28 12:00:00', '2026-06-27 18:00:00', 'Tập trung tại cổng chính', 100, 'Địa chỉ đỏ', 'CTXH26', NULL, NULL, NULL, NULL, NULL, NULL, NULL, NULL),
('CTXH-20260629-9E0C', 4, 6, 'Tham quan Địa Đạo Củ Chi - Ngày 29/06/2026', 'Hoạt động thuộc đợt \"Chiến dịch Mùa hè 2026\" tại Địa đạo Củ Chi', '2026-06-29 06:00:00', '2026-06-29 12:00:00', '2026-06-28 18:00:00', 'Tập trung tại cổng chính', 100, 'Địa chỉ đỏ', 'CTXH26', NULL, NULL, NULL, NULL, NULL, NULL, NULL, NULL),
('CTXH-20260630-FMU5', 4, 6, 'Tham quan Địa Đạo Củ Chi - Ngày 30/06/2026', 'Hoạt động thuộc đợt \"Chiến dịch Mùa hè 2026\" tại Địa đạo Củ Chi', '2026-06-30 06:00:00', '2026-06-30 12:00:00', '2026-06-29 18:00:00', 'Tập trung tại cổng chính', 100, 'Địa chỉ đỏ', 'CTXH26', NULL, NULL, NULL, NULL, NULL, NULL, NULL, NULL);

-- --------------------------------------------------------

--
-- Table structure for table `hoatdongdrl`
--

CREATE TABLE `hoatdongdrl` (
  `MaHoatDong` varchar(255) NOT NULL,
  `TenHoatDong` varchar(255) NOT NULL,
  `MaGV` varchar(50) DEFAULT NULL,
  `MoTa` varchar(255) DEFAULT NULL,
  `ThoiGianBatDau` datetime NOT NULL,
  `ThoiGianKetThuc` datetime NOT NULL,
  `ThoiHanHuy` datetime DEFAULT NULL,
  `DiaDiem` varchar(255) DEFAULT NULL,
  `SoLuong` int(11) NOT NULL,
  `MaHocKy` varchar(255) NOT NULL,
  `MaQuyDinhDiem` varchar(10) NOT NULL,
  `CheckInToken` varchar(64) DEFAULT NULL,
  `CheckInOpenAt` datetime DEFAULT NULL,
  `CheckInExpiresAt` datetime DEFAULT NULL,
  `CheckOutToken` varchar(64) DEFAULT NULL,
  `CheckOutOpenAt` datetime DEFAULT NULL,
  `CheckOutExpiresAt` datetime DEFAULT NULL,
  `TokenExpiresAt` datetime DEFAULT NULL,
  `category_tags` varchar(255) DEFAULT NULL COMMENT 'Comma-separated interest IDs'
) ENGINE=InnoDB DEFAULT CHARSET=utf8mb4 COLLATE=utf8mb4_unicode_ci;

--
-- Dumping data for table `hoatdongdrl`
--

INSERT INTO `hoatdongdrl` (`MaHoatDong`, `TenHoatDong`, `MaGV`, `MoTa`, `ThoiGianBatDau`, `ThoiGianKetThuc`, `ThoiHanHuy`, `DiaDiem`, `SoLuong`, `MaHocKy`, `MaQuyDinhDiem`, `CheckInToken`, `CheckInOpenAt`, `CheckInExpiresAt`, `CheckOutToken`, `CheckOutOpenAt`, `CheckOutExpiresAt`, `TokenExpiresAt`, `category_tags`) VALUES
('DRL_QK_001', 'Tham gia tập huấn kỹ năng lãnh đạo', 'GV001', 'Hoạt động rèn luyện', '2025-10-27 08:00:00', '2025-10-27 10:00:00', '2025-10-23 17:40:00', 'Phòng hội thảo A1', 50, 'HK1_2526', 'DRL01', '0E7jWfYNlgIdCT325nBX7B7hwLc8PsexFnZDLF50BiUOFi3sToq0G2AdBzzcHD7r', '2025-10-27 07:30:50', '2025-10-27 09:00:50', '5oma67SB7gk3zyATNFGXP9uICfMZL7kZNS1FV69vWGvuTcqoyA5k66y3rWfsVW2d', '2025-10-27 09:45:50', '2025-10-27 10:30:50', NULL, '8'),
('DRL_QK_002', 'Buổi trao đổi kinh nghiệm với cầu thủ chuyên nghiệp', 'GV001', 'Hoạt động rèn luyện', '2025-11-01 14:00:00', '2025-11-01 16:00:00', '2025-10-29 17:40:00', 'Sân vận động trường', 100, 'HK1_2526', 'DRL01', 'BtOFkDoXQSfztsLCYLcNoqhMk8IFaPwwRMopknrk0hgNDmZkTDhbbdh6SdRBWLCi', '2025-11-01 13:30:50', '2025-11-01 15:00:50', 'DoeAJvcVHR2nzrDJHGtIhNFGmstMcJbI5cR6J7kqaEZbW2Uy8z20GZsXUyyZRgUq', '2025-11-01 15:45:50', '2025-11-01 16:30:50', NULL, '1'),
('DRL_QK_003', 'Lớp học về phát triển cá nhân và kỹ năng mềm', 'GV001', 'Hoạt động rèn luyện', '2025-11-06 09:00:00', '2025-11-06 11:00:00', '2025-11-02 17:41:00', 'Phòng 201, Tòa A', 40, 'HK1_2526', 'DRL01', 'pu2likULCibUtdAUlWYntBgDXv1cbDcgAIxPefNhb4SXPeAiBvAZ5l3Ah9kfQqen', '2025-11-06 08:30:50', '2025-11-06 10:00:50', 'DJsewdUL6Wgc23h7CAWoufauAPjJb5YPQwrH0EN5mWCLRcdrydVc8JIZBdxNvCpu', '2025-11-06 10:45:50', '2025-11-06 11:30:50', NULL, '8'),
('DRL_QK_004', 'Hội thảo về tương lai công nghệ và AI', 'GV001', 'Hoạt động rèn luyện', '2025-11-11 13:30:00', '2025-11-11 15:30:00', '2025-11-08 17:41:00', 'Hội trường chính', 150, 'HK1_2526', 'DRL01', 'ry9HKOoZhUwe6gtewyEchh1JT4vAaUvq7r4C2GuhDtKpXGtCtEcApni88ub0I5Lu', '2025-11-11 13:00:50', '2025-11-11 14:30:50', 'IjgA7r4wHoVrOWDYRWpWnYEw2Rb3fngvkpHwQVte6ubxz06jrHaQevJE6DHu4Dwi', '2025-11-11 15:15:50', '2025-11-11 16:00:50', NULL, '8,5'),
('DRL_QK_005', 'Buổi chia sẻ kinh nghiệm học tập hiệu quả', 'GV001', 'Hoạt động rèn luyện', '2025-11-16 10:00:00', '2025-11-16 12:00:00', '2025-11-13 17:42:00', 'Phòng 102, Tòa B', 60, 'HK1_2526', 'DRL01', '1Sz2k8kLObs3RAKzNvAovpZ9K76Lx5fL3zj0lCf5UdfAY1yp2tXWUqPjgPloIjRH', '2025-11-16 09:30:50', '2025-11-16 11:00:50', 'xqFz5s1txSQvmusuHkwguoWUihDOVlJPKE0MaxD3r6D3OV2CbGmFYG5Zkurve5GP', '2025-11-16 11:45:50', '2025-11-16 12:30:50', NULL, '8'),
('DRL_TL_001', 'Cuộc thi rắc rối tinh thần lãnh đạo', 'GV001', 'Hoạt động rèn luyện', '2025-12-01 07:00:00', '2025-12-01 11:00:00', '2025-11-29 17:42:00', 'Sân thể thao chính', 80, 'HK1_2526', 'DRL01', 'SlEeMFEG4UW4z2lNAoG9gmjBxEAYII1x0YhKLWMOKdhO8HBXjwfqos1BEJcNxgh1', '2025-12-01 06:30:50', '2025-12-01 08:00:50', 'op8yXXBbfBnt4UXrGTv1NLrHiycqmKX61PjOKJiaRRi9XIJsAmiDFhFVhSRPjQvt', '2025-12-01 10:45:50', '2025-12-01 11:30:50', NULL, '8'),
('DRL_TL_002', 'Chương trình tập luyện thể lực tháng 12', 'GV001', 'Hoạt động rèn luyện', '2025-12-06 16:00:00', '2025-12-06 18:00:00', '2025-11-29 17:42:00', 'Phòng gym Đại học', 35, 'HK1_2526', 'DRL01', 'V0UThqK90jUh7p6FT3Z9Ea1hPg7JMX5iPe3KE0mFmHaenlz5uT84fChIT0JHeimo', '2025-12-06 15:30:50', '2025-12-06 17:00:50', '32TelRaRaziZpYSm89jXb4dcfeM39TzUMiy8In9mVqab84Sad4RW8PmcAM50hGbb', '2025-12-06 17:45:50', '2025-12-06 18:30:50', NULL, '1'),
('DRL_TL_003', 'Hội thảo về kỹ năng giao tiếp và thuyết trình', 'GV001', 'Hoạt động rèn luyện', '2025-12-11 13:00:00', '2025-12-11 15:30:00', '2025-11-29 17:36:00', 'Phòng 301, Tòa A', 70, 'HK1_2526', 'DRL01', 'LteHnwFrg8T2xSVgvAUZGrW6mhssQHH4HGGy19CqZO9Ah9UYpzZmuBOLVOOR6HcV', '2025-12-11 12:30:50', '2025-12-11 14:00:50', '6ly9MlCmnTZ4GPmbq40ocwJ24LPULMayDgziRRZQMlvytcFHoLMpxQNGyVj3rKgP', '2025-12-11 15:15:50', '2025-12-11 16:00:50', NULL, '6'),
('DRL_TL_004', 'Buổi tư vấn học bổng và cơ hội du học', 'GV001', 'Hoạt động rèn luyện', '2025-12-16 10:00:00', '2025-12-16 12:00:00', '2025-11-29 17:43:00', 'Hội trường 2', 120, 'HK1_2526', 'DRL01', 'E8p4MeuoOPe4jt054wZD5XsRuThf85qDcrC7hj8yLgX2v3DIf9lIDBrT8fWP0QRy', '2025-12-16 09:30:50', '2025-12-16 11:00:50', 'lxmFFYMaG2EYgxJqh6Xl4uQjCl7E3FEOryovuSLDXoQ116Cxp0cZiD8Hkghli01s', '2025-12-16 11:45:50', '2025-12-16 12:30:50', NULL, '8'),
('DRL_TL_005', 'Chuyên đề về phát triển khả năng lãnh đạo', 'GV001', 'Hoạt động rèn luyện', '2025-12-21 14:00:00', '2025-12-21 16:00:00', '2025-11-28 17:36:00', 'Phòng 105, Tòa C', 55, 'HK1_2526', 'DRL01', 'tuPW51oJSHOONCANnVbPwiMkNnQbFONzWvvzYwdxEV11gKhevVNIAIZcJrZCvpSV', '2025-12-21 13:30:50', '2025-12-21 15:00:50', 'NOqqymFjRpHbM7KutKTnQH2et93J944ZeVaUun17I5NSVtuepHRHjkxXgFnKcnG2', '2025-12-21 15:45:50', '2025-12-21 16:30:50', NULL, '8'),
('DRL-20251127-CA3L', 'IT AI Hackator', NULL, 'it công nghệ thông tin', '2025-12-03 04:36:00', '2025-12-03 05:36:00', '2025-11-28 04:36:00', 'HTC', 5, 'HK1_2526', 'DRL38', NULL, NULL, NULL, NULL, NULL, NULL, NULL, '5');

-- --------------------------------------------------------

--
-- Table structure for table `hocky`
--

CREATE TABLE `hocky` (
  `MaHocKy` varchar(255) NOT NULL,
  `TenHocKy` varchar(255) NOT NULL,
  `NgayBatDau` date NOT NULL,
  `NgayKetThuc` date NOT NULL,
  `MaNamHoc` int(11) NOT NULL
) ENGINE=InnoDB DEFAULT CHARSET=utf8mb4 COLLATE=utf8mb4_unicode_ci;

--
-- Dumping data for table `hocky`
--

INSERT INTO `hocky` (`MaHocKy`, `TenHocKy`, `NgayBatDau`, `NgayKetThuc`, `MaNamHoc`) VALUES
('HK1_2324', 'Học kỳ 1 - Năm học 2023-2024', '2023-09-11', '2024-01-15', 1),
('HK1_2425', 'Học kỳ 1 - Năm học 2024-2025', '2024-09-09', '2025-01-13', 2),
('HK1_2526', 'Học kỳ 1 - Năm học 2025-2026', '2025-09-08', '2026-01-12', 3),
('HK2_2324', 'Học kỳ 2 - Năm học 2023-2024', '2024-01-22', '2024-06-10', 1),
('HK2_2425', 'Học kỳ 2 - Năm học 2024-2025', '2025-01-20', '2025-06-09', 2);

-- --------------------------------------------------------

--
-- Table structure for table `interests`
--

CREATE TABLE `interests` (
  `InterestID` bigint(20) UNSIGNED NOT NULL,
  `InterestName` varchar(100) NOT NULL,
  `Description` longtext DEFAULT NULL,
  `Icon` varchar(255) DEFAULT NULL,
  `created_at` timestamp NULL DEFAULT NULL,
  `updated_at` timestamp NULL DEFAULT NULL
) ENGINE=InnoDB DEFAULT CHARSET=utf8mb4 COLLATE=utf8mb4_unicode_ci;

--
-- Dumping data for table `interests`
--

INSERT INTO `interests` (`InterestID`, `InterestName`, `Description`, `Icon`, `created_at`, `updated_at`) VALUES
(1, 'Thể thao', 'Các hoạt động thể chất, thể thao ngoài trời', 'fas fa-futbol', NULL, NULL),
(2, 'Âm nhạc', 'Âm nhạc, hát, nhạc cụ', 'fas fa-music', NULL, NULL),
(3, 'Nghệ thuật', 'Vẽ, điêu khắc, thiết kế đồ họa', 'fas fa-palette', NULL, NULL),
(4, 'Tình nguyện', 'Hoạt động từ thiện, tình nguyện xã hội', 'fas fa-hands-helping', NULL, NULL),
(5, 'Khoa học & Công nghệ', 'STEM, lập trình, khoa học', 'fas fa-flask', NULL, NULL),
(6, 'Ngoại ngữ', 'Học ngoại ngữ, trao đổi văn hóa', 'fas fa-language', NULL, NULL),
(7, 'Kinh doanh', 'Kiến thức kinh doanh, startup', 'fas fa-briefcase', NULL, NULL),
(8, 'Giáo dục', 'Dạy học, hỗ trợ giáo dục', 'fas fa-book', NULL, NULL),
(9, 'Du lịch', 'Du lịch, khám phá địa điểm', 'fas fa-map-marked-alt', NULL, NULL),
(10, 'Hỗ trợ phòng ban', 'Hỗ trợ các phòng ban', 'fas fa-utensils', NULL, NULL);

-- --------------------------------------------------------

--
-- Table structure for table `jobs`
--

CREATE TABLE `jobs` (
  `id` bigint(20) UNSIGNED NOT NULL,
  `queue` varchar(255) NOT NULL,
  `payload` longtext NOT NULL,
  `attempts` tinyint(3) UNSIGNED NOT NULL,
  `reserved_at` int(10) UNSIGNED DEFAULT NULL,
  `available_at` int(10) UNSIGNED NOT NULL,
  `created_at` int(10) UNSIGNED NOT NULL
) ENGINE=InnoDB DEFAULT CHARSET=utf8mb4 COLLATE=utf8mb4_unicode_ci;

-- --------------------------------------------------------

--
-- Table structure for table `job_batches`
--

CREATE TABLE `job_batches` (
  `id` varchar(255) NOT NULL,
  `name` varchar(255) NOT NULL,
  `total_jobs` int(11) NOT NULL,
  `pending_jobs` int(11) NOT NULL,
  `failed_jobs` int(11) NOT NULL,
  `failed_job_ids` longtext NOT NULL,
  `options` mediumtext DEFAULT NULL,
  `cancelled_at` int(11) DEFAULT NULL,
  `created_at` int(11) NOT NULL,
  `finished_at` int(11) DEFAULT NULL
) ENGINE=InnoDB DEFAULT CHARSET=utf8mb4 COLLATE=utf8mb4_unicode_ci;

-- --------------------------------------------------------

--
-- Table structure for table `khoa`
--

CREATE TABLE `khoa` (
  `MaKhoa` varchar(255) NOT NULL,
  `TenKhoa` varchar(255) NOT NULL
) ENGINE=InnoDB DEFAULT CHARSET=utf8mb4 COLLATE=utf8mb4_unicode_ci;

--
-- Dumping data for table `khoa`
--

INSERT INTO `khoa` (`MaKhoa`, `TenKhoa`) VALUES
('CNCK', 'Khoa Công nghệ Cơ khí'),
('CNHH', 'Khoa Công nghệ Hóa học'),
('CNMT', 'Khoa Công nghệ May và Thời trang'),
('CNTP', 'Khoa Công nghệ Thực phẩm'),
('CNTT', 'Khoa Công nghệ Thông tin'),
('DIEN', 'Khoa Công nghệ Điện - Điện tử'),
('DLAT', 'Khoa Du lịch và Ẩm thực'),
('GDTC', 'Khoa Giáo dục Thể chất và Quốc phòng An ninh'),
('KHUD', 'Khoa Khoa học Ứng dụng'),
('LLCT', 'Khoa Lý luận Chính trị'),
('LUAT', 'Khoa Luật'),
('NN', 'Khoa Ngoại ngữ'),
('QTKD', 'Khoa Quản trị Kinh doanh'),
('SHMT', 'Khoa Sinh học và Môi trường'),
('TCKT', 'Khoa Tài chính - Kế toán'),
('TM', 'Khoa Thương mại');

-- --------------------------------------------------------

--
-- Table structure for table `lop`
--

CREATE TABLE `lop` (
  `MaLop` varchar(255) NOT NULL,
  `TenLop` varchar(255) NOT NULL,
  `MaKhoa` varchar(255) NOT NULL
) ENGINE=InnoDB DEFAULT CHARSET=utf8mb4 COLLATE=utf8mb4_unicode_ci;

--
-- Dumping data for table `lop`
--

INSERT INTO `lop` (`MaLop`, `TenLop`, `MaKhoa`) VALUES
('12DHCK01', '12DHCK01', 'CNCK'),
('12DHQT02', '12DHQT02', 'QTKD'),
('12DHTH01', '12DHTH01', 'CNTT'),
('13DHDL01', '13DHDL01', 'DLAT'),
('13DHDT04', '13DHDT04', 'DIEN'),
('13DHKT03', '13DHKT03', 'TCKT'),
('13DHLK01', '13DHLK01', 'LUAT'),
('13DHMK01', '13DHMK01', 'QTKD'),
('13DHTH05', '13DHTH05', 'CNTT'),
('13DHTH06', '13DHTH06', 'CNTT'),
('13DHTM01', '13DHTM01', 'TM'),
('13DHTP01', '13DHTP01', 'CNTP'),
('13DHTP02', '13DHTP02', 'CNTP'),
('14DHAT01', '14DHAT01', 'CNTT'),
('14DHKS02', '14DHKS02', 'DLAT'),
('14DHNA01', '14DHNA01', 'NN'),
('14DHTC01', '14DHTC01', 'TCKT'),
('14DHTH02', '14DHTH02', 'CNTT'),
('14DHTM03', '14DHTM03', 'TM'),
('14DHTP05', '14DHTP05', 'CNTP'),
('14DHTQ01', '14DHTQ01', 'NN'),
('15DHTP01', '15DHTP01', 'CNTP');

-- --------------------------------------------------------

--
-- Table structure for table `migrations`
--

CREATE TABLE `migrations` (
  `id` int(10) UNSIGNED NOT NULL,
  `migration` varchar(255) NOT NULL,
  `batch` int(11) NOT NULL
) ENGINE=InnoDB DEFAULT CHARSET=utf8mb4 COLLATE=utf8mb4_unicode_ci;

--
-- Dumping data for table `migrations`
--

INSERT INTO `migrations` (`id`, `migration`, `batch`) VALUES
(1, '0001_01_01_000000_create_users_table', 1),
(2, '0001_01_01_000001_create_cache_table', 1),
(3, '0001_01_01_000002_create_jobs_table', 1),
(4, '2025_10_24_130316_create_thongbao_table', 2),
(5, '2025_10_25_101021_add_attendance_tokens_to_hoatdongdrl_table', 3),
(6, '2025_10_25_101023_add_attendance_tokens_to_hoatdongctxh_table', 3),
(7, '2025_10_25_101139_add_attendance_status_to_dangkyhoatdongctxh_table', 3),
(8, '2025_10_25_101139_add_attendance_status_to_dangkyhoatdongdrl_table', 3),
(10, '2025_10_30_094121_add_ma_gv_to_hoatdongdrl_table', 4),
(11, '2025_10_30_143436_create_phan_bo_so_luong_table', 5),
(12, '2025_11_04_185415_create_dia_diem_dia_chi_do_table', 6),
(13, '2025_11_04_185448_create_dot_dia_chi_do_table', 6),
(17, '2025_11_04_185531_create_thanh_toans_and_update_ctxh_tables', 7),
(41, '2025_11_13_000001_create_activity_recommendations_table', 8),
(48, '2025_11_07_074657_create_thanh_toan_table', 9),
(49, '2025_11_07_074740_add_thanh_toan_id_to_dangkyhoatdongctxh_table', 9),
(50, '2025_11_07_101035_create_dieuchinhdrl_table', 9),
(51, '2025_11_07_115607_add_open_and_expire_to_hoatdong', 9),
(52, '2025_11_11_120000_add_separate_checkin_checkout_columns_to_hoatdong', 9),
(53, '2025_11_11_121000_add_avatar_to_taikhoan_table', 9),
(54, '2025_11_13_210604_create_personal_access_tokens_table', 9),
(55, '2025_11_21_142307_create_interests_table', 10),
(56, '2025_11_21_142307_create_student_interests_table', 10),
(57, '2025_11_21_142308_create_activity_recommendations_table', 10),
(58, '2025_11_21_142308_create_activity_topic_tags_table', 10),
(59, '2025_11_21_142308_create_student_clusters_table', 10),
(60, '2025_11_21_142309_create_cluster_statistics_table', 10),
(61, '2025_11_21_150000_add_activity_type_to_activity_recommendations', 11),
(62, '2025_11_21_160000_add_category_tags_to_hoatdong', 12),
(63, '2024_11_22_000000_create_validation_tables', 13),
(64, '2024_11_22_100000_fix_validation_tables', 14),
(65, '2025_11_24_182845_hash_existing_passwords', 15),
(66, '2025_11_28_172013_drop_sothich_from_sinhvien_table', 16),
(67, '2025_12_01_000000_add_nam_nhap_hoc_to_sinhvien_table', 17);

-- --------------------------------------------------------

--
-- Table structure for table `namhoc`
--

CREATE TABLE `namhoc` (
  `MaNamHoc` int(11) NOT NULL,
  `TenNamHoc` varchar(255) NOT NULL,
  `NgayBatDau` date NOT NULL,
  `NgayKetThuc` date NOT NULL
) ENGINE=InnoDB DEFAULT CHARSET=utf8mb4 COLLATE=utf8mb4_unicode_ci;

--
-- Dumping data for table `namhoc`
--

INSERT INTO `namhoc` (`MaNamHoc`, `TenNamHoc`, `NgayBatDau`, `NgayKetThuc`) VALUES
(1, 'Năm học 2023-2024', '2023-09-05', '2024-06-30'),
(2, 'Năm học 2024-2025', '2024-09-05', '2025-06-30'),
(3, 'Năm học 2025-2026', '2025-09-05', '2026-06-30');

-- --------------------------------------------------------

--
-- Table structure for table `nhanvien`
--

CREATE TABLE `nhanvien` (
  `MaNV` varchar(50) NOT NULL,
  `TenNV` varchar(255) NOT NULL,
  `Email` varchar(255) NOT NULL,
  `SDT` varchar(20) NOT NULL,
  `GioiTinh` varchar(10) DEFAULT NULL
) ENGINE=InnoDB DEFAULT CHARSET=utf8mb4 COLLATE=utf8mb4_unicode_ci;

--
-- Dumping data for table `nhanvien`
--

INSERT INTO `nhanvien` (`MaNV`, `TenNV`, `Email`, `SDT`, `GioiTinh`) VALUES
('NV001', 'Trần Quốc Thịnh', 'thinh123@gmail.com', '0845635774', 'Nam'),
('NV002', 'Nguyễn Thị Mai', 'mainnguyen@gmail.com', '0912345678', 'Nữ'),
('NV003', 'Lê Văn Hùng', 'hungle.dev@gmail.com', '0988776655', 'Nam'),
('NV004', 'Phạm Minh Tuấn', 'tuanpham99@gmail.com', '0909123456', 'Nam'),
('NV005', 'Hoàng Thu Thủy', 'thuyhoang@gmail.com', '0345678901', 'Nữ'),
('NV006', 'Võ Thanh Sơn', 'sonvo.biz@gmail.com', '0771223344', 'Nam');

-- --------------------------------------------------------

--
-- Table structure for table `password_reset_tokens`
--

CREATE TABLE `password_reset_tokens` (
  `email` varchar(255) NOT NULL,
  `token` varchar(255) NOT NULL,
  `created_at` timestamp NULL DEFAULT NULL
) ENGINE=InnoDB DEFAULT CHARSET=utf8mb4 COLLATE=utf8mb4_unicode_ci;

-- --------------------------------------------------------

--
-- Table structure for table `personal_access_tokens`
--

CREATE TABLE `personal_access_tokens` (
  `id` bigint(20) UNSIGNED NOT NULL,
  `tokenable_type` varchar(255) NOT NULL,
  `tokenable_id` bigint(20) UNSIGNED NOT NULL,
  `name` text NOT NULL,
  `token` varchar(64) NOT NULL,
  `abilities` text DEFAULT NULL,
  `last_used_at` timestamp NULL DEFAULT NULL,
  `expires_at` timestamp NULL DEFAULT NULL,
  `created_at` timestamp NULL DEFAULT NULL,
  `updated_at` timestamp NULL DEFAULT NULL
) ENGINE=InnoDB DEFAULT CHARSET=utf8mb4 COLLATE=utf8mb4_unicode_ci;

--
-- Dumping data for table `personal_access_tokens`
--

INSERT INTO `personal_access_tokens` (`id`, `tokenable_type`, `tokenable_id`, `name`, `token`, `abilities`, `last_used_at`, `expires_at`, `created_at`, `updated_at`) VALUES
(1, 'App\\Models\\TaiKhoan', 2001223001, 'mobile-app-token', '62546133e28e2fc53fb44bc9a0454b87a0f92993233c959e5a2ba4b27de63424', '[\"*\"]', '2025-11-22 15:19:10', NULL, '2025-11-21 09:59:15', '2025-11-22 15:19:10'),
(2, 'App\\Models\\TaiKhoan', 2001223001, 'mobile-app-token', 'b6716d9c59769bee76710b77e3ef39b499c7d14827ce38c633729cb9b2020f93', '[\"*\"]', '2025-11-28 07:11:31', NULL, '2025-11-28 06:47:55', '2025-11-28 07:11:31'),
(3, 'App\\Models\\TaiKhoan', 2001223001, 'mobile-app-token', '67eeba075c50f5638967ea368b841b622225c4ca01d1c168997ad3cfb712c432', '[\"*\"]', '2025-11-28 07:56:40', NULL, '2025-11-28 07:11:48', '2025-11-28 07:56:40'),
(4, 'App\\Models\\TaiKhoan', 2001223015, 'mobile-app-token', 'efdb0fdbb0f23cf051936effe501affb8ebf011c9a1868cd3e854a840bfe16d4', '[\"*\"]', '2025-12-01 19:38:14', NULL, '2025-12-01 17:34:55', '2025-12-01 19:38:14');

-- --------------------------------------------------------

--
-- Table structure for table `phanhoisinhvien`
--

CREATE TABLE `phanhoisinhvien` (
  `MaPhanHoi` int(11) NOT NULL,
  `MSSV` varchar(50) NOT NULL,
  `NoiDung` text NOT NULL,
  `NgayGui` datetime DEFAULT current_timestamp(),
  `TrangThai` enum('Chưa xử lý','Đang xử lý','Đã phản hồi') DEFAULT 'Chưa xử lý'
) ENGINE=InnoDB DEFAULT CHARSET=utf8mb4 COLLATE=utf8mb4_unicode_ci;

--
-- Dumping data for table `phanhoisinhvien`
--

INSERT INTO `phanhoisinhvien` (`MaPhanHoi`, `MSSV`, `NoiDung`, `NgayGui`, `TrangThai`) VALUES
(1764582870, '2001223003', '[Phân loại: HoTro]\nTIÊU ĐỀ: Sai điểm rèn luyện\n\n----------------------------------------\nEm bị trừ sai điểm rèn luyện. Em không có nợ môn.', '2025-12-01 16:54:30', 'Chưa xử lý');

-- --------------------------------------------------------

--
-- Table structure for table `phan_bo_so_luong`
--

CREATE TABLE `phan_bo_so_luong` (
  `id` bigint(20) UNSIGNED NOT NULL,
  `MaHoatDong` varchar(255) NOT NULL,
  `MaKhoa` varchar(255) NOT NULL,
  `SoLuongPhanBo` int(11) NOT NULL,
  `created_at` timestamp NULL DEFAULT NULL,
  `updated_at` timestamp NULL DEFAULT NULL
) ENGINE=InnoDB DEFAULT CHARSET=utf8mb4 COLLATE=utf8mb4_unicode_ci;

-- --------------------------------------------------------

--
-- Table structure for table `quydinhdiemctxh`
--

CREATE TABLE `quydinhdiemctxh` (
  `MaDiem` varchar(10) NOT NULL,
  `TenCongViec` varchar(255) NOT NULL,
  `DiemNhan` int(11) NOT NULL
) ENGINE=InnoDB DEFAULT CHARSET=utf8mb4 COLLATE=utf8mb4_unicode_ci;

--
-- Dumping data for table `quydinhdiemctxh`
--

INSERT INTO `quydinhdiemctxh` (`MaDiem`, `TenCongViec`, `DiemNhan`) VALUES
('CTXH03', 'Tham gia các hoạt động từ thiện khác', 10),
('CTXH04', 'Tham gia đội hình olympic: Toán, Vật lý, Tin học, Mác - Leenin, đội hình HSSV giỏi nghề, đội hình tham gia hoạt động cấp thành phố và cấp khối', 35),
('CTXH05', 'Tham gia đội hình olympic: Toán, Vật lý, Tin học, Mác - Leenin, đội hình HSSV giỏi nghề, đội hình tham gia hoạt động cấp thành phố và cấp khối (Giải nhất)', 70),
('CTXH06', 'Tham gia đội hình olympic: Toán, Vật lý, Tin học, Mác - Leenin, đội hình HSSV giỏi nghề, đội hình tham gia hoạt động cấp thành phố và cấp khối (Giải nhì)', 60),
('CTXH07', 'Tham gia đội hình olympic: Toán, Vật lý, Tin học, Mác - Leenin, đội hình HSSV giỏi nghề, đội hình tham gia hoạt động cấp thành phố và cấp khối (Giải ba)', 50),
('CTXH08', 'Tham gia đội hình olympic: Toán, Vật lý, Tin học, Mác - Leenin, đội hình HSSV giỏi nghề, đội hình tham gia hoạt động cấp thành phố và cấp khối (Khuyến khích)', 45),
('CTXH09', 'Tham gia đội tuyển thể dục thể thao', 35),
('CTXH10', 'Tham gia đội tuyển thể dục thể thao (Khuyến khích)', 45),
('CTXH11', 'Tham gia đội tuyển thể dục thể thao (Giải nhất)', 70),
('CTXH12', 'Tham gia đội tuyển thể dục thể thao (Giải nhì)', 60),
('CTXH13', 'Tham gia đội tuyển thể dục thể thao (Giải ba)', 50),
('CTXH14', 'Tham gia hoạt động văn hóa, văn nghệ', 20),
('CTXH15', 'Tham gia các hoạt động khác', 30),
('CTXH16', 'Tham gia trực KTX', 10),
('CTXH17', 'Hỗ trợ ổn định trật tự khu vực lớp học', 10),
('CTXH18', 'Hỗ trợ ổn định trật tự cho các hoạt động (có sự phê duyệt của BGH) theo yêu cầu của các phòng, khoa, trung tâm thuộc Trường', 10),
('CTXH19', 'Tham gia, tư vấn, hướng dẫn thí sinh đăng ký nguyện vọng 2 vào Trường, thí sinh trúng tuyển làm hồ sơ nhập học', 40),
('CTXH20', 'Tham gia hỗ trợ công tác phục vụ cho các lễ hội, ngày lễ của Nhà trường', 15),
('CTXH21', 'Tiếp sức mùa thi', 50),
('CTXH22', 'Tham gia công tác an ninh trật tự trong sân trường', 10),
('CTXH23', 'Hỗ trợ về chuyên môn, nghiệp vụ theo yêu cầu của các phòng, đơn vị thuộc Trường', 10),
('CTXH24', 'Hành trình về nguồn', 20),
('CTXH25', 'Tham gia các hoạt động bảo vệ môi trường như \"Chủ nhật xanh\", \"Lớp học không rác\", \"Sân trường sạch đẹp\"…', 10),
('CTXH26', 'Địa chỉ đỏ', 70);

-- --------------------------------------------------------

--
-- Table structure for table `quydinhdiemrl`
--

CREATE TABLE `quydinhdiemrl` (
  `MaDiem` varchar(10) NOT NULL,
  `TenCongViec` varchar(255) NOT NULL,
  `DiemNhan` int(11) NOT NULL
) ENGINE=InnoDB DEFAULT CHARSET=utf8mb4 COLLATE=utf8mb4_unicode_ci;

--
-- Dumping data for table `quydinhdiemrl`
--

INSERT INTO `quydinhdiemrl` (`MaDiem`, `TenCongViec`, `DiemNhan`) VALUES
('DRL01', 'Điểm mặc định (Tiêu chí 1)', 20),
('DRL02', 'Thi rớt 1 môn', -1),
('DRL03', 'Thi rớt 2 môn', -3),
('DRL04', 'Thi rớt trên 5 môn', -15),
('DRL05', 'Vi phạm quy chế học vụ (Quyết định cảnh báo học vụ)', -20),
('DRL06', 'Bị cấm thi', -10),
('DRL07', 'Tham gia NCKH đạt giải Cấp Quốc gia', 30),
('DRL08', 'Tham gia NCKH đạt giải Cấp Thành phố', 20),
('DRL09', 'Tham gia NCKH đạt giải Cấp trường', 10),
('DRL10', 'Tham gia NCKH đạt giải Cấp khoa', 5),
('DRL11', 'Tham gia NCKH đạt giải Đơn vị ngoài trường', 4),
('DRL12', 'Tham gia hội thảo, chuyên đề NCKH Cấp Trường', 5),
('DRL13', 'Tham gia hội thảo, chuyên đề NCKH Cấp Khoa', 3),
('DRL14', 'Đăng ký hội thảo, chuyên đề NCKH mà không tham gia', -5),
('DRL15', 'Sinh viên được khen thưởng đột xuất (có xác nhận)', 10),
('DRL16', 'Sinh viên mồ côi cả cha lẫn mẹ', 10),
('DRL17', 'Sinh viên khuyết tật, khó khăn trong đi lại và sinh hoạt', 10),
('DRL18', 'Điểm mặc định (Tiêu chí 2)', 25),
('DRL19', 'Không tham gia SHCD', -5),
('DRL20', 'Không tham gia BHYT', -5),
('DRL21', 'Không tham gia khám sức khỏe theo thông báo', -5),
('DRL22', 'Trang phục không nghiêm túc', -5),
('DRL23', 'Đóng học phí trễ hạn', -5),
('DRL24', 'Không giữ vệ sinh trường, lớp', -5),
('DRL25', 'Không đeo thẻ SV khi đến trường', -5),
('DRL26', 'Hút thuốc không đúng nơi quy định', -5),
('DRL27', 'Không cập nhật thông tin sinh viên/ thông tin ngoại trú', -10),
('DRL28', 'Không tham gia các khảo sát', -5),
('DRL29', 'Không hoàn thiện hồ sơ sinh viên theo quy định', -5),
('DRL30', 'Vi phạm kỷ luật khiển trách', -25),
('DRL31', 'Không thực hiện đúng quy định của nhà trường', -20),
('DRL32', 'Vi phạm nội quy, quy chế khác', -10),
('DRL33', 'Tham dự hoạt động tuyên truyền, giáo dục chính trị, tư tưởng; phổ biến pháp luật', 4),
('DRL34', 'Tham dự hoạt động, hội thi quảng bá hình ảnh, thương hiệu Nhà trường', 4),
('DRL35', 'Tham gia sự kiện chính trị xã hội (hội nghị, đại hội, lễ kỷ niệm...) do Nhà trường tổ chức', 4),
('DRL36', 'Tham gia hưởng ứng hoạt động chính trị - xã hội, phòng chống tội phạm... do Nhà trường điều động', 4),
('DRL37', 'Tham gia VHVN, TDTT Cấp trường', 6),
('DRL38', 'Tham gia VHVN, TDTT Cấp khoa', 4),
('DRL39', 'Tham gia VHVN, TDTT Cấp CLB/lớp', 2),
('DRL40', 'Hoạt động VHVN, TDTT tại địa phương (có xác nhận)', 2),
('DRL41', 'Tham gia VHVN, TDTT và đạt giải', 4),
('DRL42', 'Thành viên sinh hoạt thường xuyên CLB Sinh viên (trừ CLB học thuật, thiện nguyện)', 3),
('DRL43', 'Đăng ký hoạt động (TC3) nhưng không tham dự', -5),
('DRL44', 'Điểm mặc định (Tiêu chí 4)', 25),
('DRL45', 'Tham gia hoạt động tình nguyện Cấp trường', 5),
('DRL46', 'Tham gia hoạt động tình nguyện Cấp Khoa', 3),
('DRL47', 'Hoạt động tình nguyện tại địa phương hoặc ngoài trường (có xác nhận)', 3),
('DRL48', 'Phát ngôn không chuẩn mực trên mạng xã hội', -25),
('DRL49', 'Gây rối, làm mất an ninh chính trị xã hội', -25),
('DRL50', 'Vi phạm quy định địa phương nơi cư trú', -15),
('DRL51', 'Vi phạm luật an toàn giao thông', -15),
('DRL52', 'BCH Đoàn/Hội cấp trường, Chi ủy viên chi bộ đảng SV', 10),
('DRL53', 'BCH Đoàn/Hội cấp khoa; Chủ nhiệm CLB cấp Trường; Lớp trưởng', 8),
('DRL54', 'BCN CLB cấp Trường; Lớp phó kiêm bí thư', 7),
('DRL55', 'Thành viên CLB/đội/nhóm cấp Trường', 3),
('DRL56', 'Cán bộ lớp, đoàn, hội không thực hiện nhiệm vụ, không họp', -10);

-- --------------------------------------------------------

--
-- Table structure for table `recommendation_logs`
--

CREATE TABLE `recommendation_logs` (
  `id` bigint(20) UNSIGNED NOT NULL,
  `MSSV` varchar(20) NOT NULL,
  `MaHoatDong` varchar(50) NOT NULL,
  `activity_type` varchar(10) NOT NULL,
  `recommendation_score` decimal(5,2) NOT NULL,
  `viewed` tinyint(1) NOT NULL DEFAULT 0,
  `attended` tinyint(1) NOT NULL DEFAULT 0,
  `recommended_at` timestamp NOT NULL DEFAULT current_timestamp(),
  `viewed_at` timestamp NULL DEFAULT NULL,
  `attended_at` timestamp NULL DEFAULT NULL,
  `created_at` timestamp NULL DEFAULT NULL,
  `updated_at` timestamp NULL DEFAULT NULL
) ENGINE=InnoDB DEFAULT CHARSET=utf8mb4 COLLATE=utf8mb4_unicode_ci;

-- --------------------------------------------------------

--
-- Table structure for table `sessions`
--

CREATE TABLE `sessions` (
  `id` varchar(255) NOT NULL,
  `user_id` bigint(20) UNSIGNED DEFAULT NULL,
  `ip_address` varchar(45) DEFAULT NULL,
  `user_agent` text DEFAULT NULL,
  `payload` longtext NOT NULL,
  `last_activity` int(11) NOT NULL
) ENGINE=InnoDB DEFAULT CHARSET=utf8mb4 COLLATE=utf8mb4_unicode_ci;

--
-- Dumping data for table `sessions`
--

INSERT INTO `sessions` (`id`, `user_id`, `ip_address`, `user_agent`, `payload`, `last_activity`) VALUES
('9QMd8dRphYiZJ20WXFIxw29JjL92Q3ZxN1mnLIVF', NULL, '127.0.0.1', 'Mozilla/5.0 (Windows NT 10.0; Win64; x64) AppleWebKit/537.36 (KHTML, like Gecko) Chrome/139.0.0.0 Safari/537.36', 'YToyOntzOjY6Il90b2tlbiI7czo0MDoidlpJOFVTNEJzNGJTT3VIUUhBMG5wZ1pwQk5VaWZsRlRPRUc1WHNYeCI7czo2OiJfZmxhc2giO2E6Mjp7czozOiJvbGQiO2E6MDp7fXM6MzoibmV3IjthOjA6e319fQ==', 1761206474),
('ChlxzFFx2tlLhX5pa5WCy62SS9S7DfFUXkpkxRt4', 2212345, '127.0.0.1', 'Mozilla/5.0 (Windows NT 10.0; Win64; x64) AppleWebKit/537.36 (KHTML, like Gecko) Chrome/139.0.0.0 Safari/537.36', 'YTo0OntzOjY6Il90b2tlbiI7czo0MDoicGFhSThzMGp0RUVIakJFZkRZNlA1OXpKQXF1dTIyVjNGTUNEZnRVNiI7czo5OiJfcHJldmlvdXMiO2E6MTp7czozOiJ1cmwiO3M6Mjc6Imh0dHA6Ly9sb2NhbGhvc3Q6ODAwMC9sb2dpbiI7fXM6NjoiX2ZsYXNoIjthOjI6e3M6Mzoib2xkIjthOjA6e31zOjM6Im5ldyI7YTowOnt9fXM6NTA6ImxvZ2luX3dlYl81OWJhMzZhZGRjMmIyZjk0MDE1ODBmMDE0YzdmNThlYTRlMzA5ODlkIjtzOjc6IjIyMTIzNDUiO30=', 1761213124),
('jcV5fmz5ztWYEoiTRxPxrccVOa9ZRam5YaM2PtV8', NULL, '127.0.0.1', 'Mozilla/5.0 (Windows NT 10.0; Win64; x64) AppleWebKit/537.36 (KHTML, like Gecko) Chrome/139.0.0.0 Safari/537.36', 'YToyOntzOjY6Il90b2tlbiI7czo0MDoiVEhZeEhpV2Fkd2JqemRvOUJmTFZCQjVUeDZRenhHUzhCUXBCTWNXRSI7czo2OiJfZmxhc2giO2E6Mjp7czozOiJvbGQiO2E6MDp7fXM6MzoibmV3IjthOjA6e319fQ==', 1761208577),
('Wkw3YHfriLiZQUPTpxUGdH5gqPIna1OlumV2qzx0', NULL, '127.0.0.1', 'Mozilla/5.0 (Windows NT 10.0; Win64; x64) AppleWebKit/537.36 (KHTML, like Gecko) Chrome/139.0.0.0 Safari/537.36', 'YTo0OntzOjY6Il90b2tlbiI7czo0MDoiWHJSZUxJSmVwazJiMWN4dDVCVHM0akJhVXBlaHBwMGl6eE9NMWxqWCI7czozOiJ1cmwiO2E6MTp7czo4OiJpbnRlbmRlZCI7czoyNzoiaHR0cDovLzEyNy4wLjAuMTo4MDAwL2FkbWluIjt9czo5OiJfcHJldmlvdXMiO2E6MTp7czozOiJ1cmwiO3M6Mjc6Imh0dHA6Ly8xMjcuMC4wLjE6ODAwMC9sb2dpbiI7fXM6NjoiX2ZsYXNoIjthOjI6e3M6Mzoib2xkIjthOjA6e31zOjM6Im5ldyI7YTowOnt9fX0=', 1761214876);

-- --------------------------------------------------------

--
-- Table structure for table `sinhvien`
--

CREATE TABLE `sinhvien` (
  `MSSV` varchar(50) NOT NULL,
  `HoTen` varchar(255) NOT NULL,
  `Email` varchar(100) DEFAULT NULL,
  `SDT` varchar(15) DEFAULT NULL,
  `NgaySinh` date NOT NULL,
  `GioiTinh` varchar(10) DEFAULT NULL,
  `MaLop` varchar(255) NOT NULL,
  `NamNhapHoc` int(11) DEFAULT NULL
) ENGINE=InnoDB DEFAULT CHARSET=utf8mb4 COLLATE=utf8mb4_unicode_ci;

--
-- Dumping data for table `sinhvien`
--

INSERT INTO `sinhvien` (`MSSV`, `HoTen`, `Email`, `SDT`, `NgaySinh`, `GioiTinh`, `MaLop`, `NamNhapHoc`) VALUES
('2001223001', 'Phan Hồng Kiên', '2001223001@huit.edu.vn', '09901000001', '2003-01-01', 'Nam', '12DHCK01', 2021),
('2001223002', 'Phan Phúc Lan', '2001223002@huit.edu.vn', '09901000002', '2003-02-02', 'Nữ', '12DHCK01', 2021),
('2001223003', 'Trịnh Nhật Khoa', '2001223003@huit.edu.vn', '09901000003', '2003-03-03', 'Nam', '12DHCK01', 2021),
('2001223004', 'Dương Quốc Huy', '2001223004@huit.edu.vn', '09901000004', '2003-04-04', 'Nữ', '12DHCK01', 2021),
('2001223005', 'Huỳnh Bảo Lan', '2001223005@huit.edu.vn', '09901000005', '2003-05-05', 'Nam', '12DHCK01', 2021),
('2001223006', 'Phan Mạnh Hà', '2001223006@huit.edu.vn', '09901000006', '2003-06-06', 'Nữ', '12DHCK01', 2021),
('2001223007', 'Võ Phúc Lan', '2001223007@huit.edu.vn', '09901000007', '2003-07-07', 'Nam', '12DHCK01', 2021),
('2001223008', 'Dương Sơn Bảo', '2001223008@huit.edu.vn', '09901000008', '2003-08-08', 'Nữ', '12DHCK01', 2021),
('2001223009', 'Lê Hoài Huy', '2001223009@huit.edu.vn', '09901000009', '2003-09-09', 'Nam', '12DHCK01', 2021),
('2001223010', 'Trần Văn Thảo', '2001223010@huit.edu.vn', '09901000010', '2003-10-10', 'Nữ', '12DHCK01', 2021),
('2001223011', 'Trịnh Hà Thông', '2001223011@huit.edu.vn', '09901000011', '2004-11-01', 'Nam', '13DHTP01', 2022),
('2001223012', 'Tô Hưởng Bảo', '2001223012@huit.edu.vn', '09901000012', '2004-12-02', 'Nữ', '13DHTP01', 2022),
('2001223013', 'Dương Quốc Hà', '2001223013@huit.edu.vn', '09901000013', '2004-01-03', 'Nam', '13DHTH05', 2022),
('2001223014', 'Dương Phúc Thảo', '2001223014@huit.edu.vn', '09901000014', '2004-02-04', 'Nữ', '13DHTH05', 2022),
('2001223015', 'Dương Gia Thảo', '2001223015@huit.edu.vn', '09901000015', '2004-03-05', 'Nam', '13DHTH05', 2022),
('2001223016', 'Lê Sơn Kiên', '2001223016@huit.edu.vn', '09901000016', '2004-04-06', 'Nữ', '13DHTH05', 2022),
('2001223017', 'Đặng Quốc Linh', '2001223017@huit.edu.vn', '09901000017', '2004-05-07', 'Nam', '13DHTH05', 2022),
('2001223018', 'Đặng Thanh Tâm', '2001223018@huit.edu.vn', '09901000018', '2004-06-08', 'Nữ', '13DHTH05', 2022),
('2001223019', 'Lê Hưng Tâm', '2001223019@huit.edu.vn', '09901000019', '2004-07-09', 'Nam', '13DHTH06', 2022),
('2001223020', 'Hoàng Tùng Vũ', '2001223020@huit.edu.vn', '09901000020', '2004-08-10', 'Nữ', '13DHTH06', 2022),
('2001223021', 'Phạm Quốc Ngọc', '2001223021@huit.edu.vn', '09901000021', '2004-09-01', 'Nam', '13DHMK01', 2022),
('2001223022', 'Võ Tất Linh', '2001223022@huit.edu.vn', '09901000022', '2004-10-02', 'Nữ', '13DHMK01', 2022),
('2001223023', 'Bùi Hoài Bảo', '2001223023@huit.edu.vn', '09901000023', '2004-11-03', 'Nam', '13DHMK01', 2022),
('2001223024', 'Nguyễn Gia Thư', '2001223024@huit.edu.vn', '09901000024', '2004-12-04', 'Nữ', '13DHMK01', 2022),
('2001223025', 'Phạm Hoài Đạt', '2001223025@huit.edu.vn', '09901000025', '2004-01-05', 'Nam', '13DHMK01', 2022),
('2001223026', 'Tạ Hồng Trúc', '2001223026@huit.edu.vn', '09901000026', '2004-02-06', 'Nữ', '13DHMK01', 2022),
('2001223027', 'Trần Phúc Huy', '2001223027@huit.edu.vn', '09901000027', '2004-03-07', 'Nam', '13DHMK01', 2022),
('2001223028', 'Hoàng Diễm Huy', '2001223028@huit.edu.vn', '09901000028', '2004-04-08', 'Nữ', '13DHMK01', 2022),
('2001223029', 'Lê Thị Ngọc', '2001223029@huit.edu.vn', '09901000029', '2004-05-09', 'Nam', '13DHMK01', 2022),
('2001223030', 'Phan Minh Trị', '2001223030@huit.edu.vn', '09901000030', '2004-06-10', 'Nữ', '13DHMK01', 2022),
('2001223031', 'Nguyễn Hưởng Huy', '2001223031@huit.edu.vn', '09901000031', '2005-07-01', 'Nam', '14DHTP05', 2023),
('2001223032', 'Nguyễn Quốc Lan', '2001223032@huit.edu.vn', '09901000032', '2005-08-02', 'Nữ', '14DHTP05', 2023),
('2001223033', 'Trịnh Nhật Ngọc', '2001223033@huit.edu.vn', '09901000033', '2005-09-03', 'Nam', '14DHTP05', 2023),
('2001223034', 'Phạm Hưng Thảo', '2001223034@huit.edu.vn', '09901000034', '2005-10-04', 'Nữ', '14DHTP05', 2023),
('2001223035', 'Ngô Tùng Trúc', '2001223035@huit.edu.vn', '09901000035', '2005-11-05', 'Nam', '14DHTP05', 2023),
('2001223036', 'Đặng Diễm Đạt', '2001223036@huit.edu.vn', '09901000036', '2005-12-06', 'Nữ', '14DHTP05', 2023),
('2001223037', 'Nguyễn Thị Bảo', '2001223037@huit.edu.vn', '09901000037', '2005-01-07', 'Nam', '14DHTP05', 2023),
('2001223038', 'Lê Tâm Trúc', '2001223038@huit.edu.vn', '09901000038', '2005-02-08', 'Nữ', '14DHTP05', 2023),
('2001223039', 'Trịnh Gia Linh', '2001223039@huit.edu.vn', '09901000039', '2005-03-09', 'Nam', '14DHTP05', 2023),
('2001223040', 'Bùi Hưng Lan', '2001223040@huit.edu.vn', '09901000040', '2005-04-10', 'Nữ', '14DHTP05', 2023),
('2001223041', 'Lê Minh Bảo', '2001223041@huit.edu.vn', '09901000041', '2006-05-01', 'Nam', '15DHTP01', 2024),
('2001223042', 'Dương Tùng Thành', '2001223042@huit.edu.vn', '09901000042', '2006-06-02', 'Nữ', '15DHTP01', 2024),
('2001223043', 'Huỳnh Hưng My', '2001223043@huit.edu.vn', '09901000043', '2006-07-03', 'Nam', '15DHTP01', 2024),
('2001223044', 'Lê Gia Lan', '2001223044@huit.edu.vn', '09901000044', '2006-08-04', 'Nữ', '15DHTP01', 2024),
('2001223045', 'Lê Gia Huy', '2001223045@huit.edu.vn', '09901000045', '2006-09-05', 'Nam', '15DHTP01', 2024),
('2001223046', 'Tô Minh Ngọc', '2001223046@huit.edu.vn', '09901000046', '2006-10-06', 'Nữ', '15DHTP01', 2024),
('2001223047', 'Bùi Thành Vũ', '2001223047@huit.edu.vn', '09901000047', '2006-11-07', 'Nam', '15DHTP01', 2024),
('2001223048', 'Bùi Sơn Ngọc', '2001223048@huit.edu.vn', '09901000048', '2006-12-08', 'Nữ', '15DHTP01', 2024),
('2001223049', 'Đặng Ngọc Khoa', '2001223049@huit.edu.vn', '09901000049', '2006-01-09', 'Nam', '15DHTP01', 2024),
('2001223050', 'Võ Thanh Khoa', '2001223050@huit.edu.vn', '09901000050', '2006-02-10', 'Nữ', '15DHTP01', 2024),
('2001223051', 'Võ Sơn Trị', '2001223051@huit.edu.vn', '09901000051', '2003-03-01', 'Nam', '12DHTH01', 2021),
('2001223052', 'Huỳnh Khánh Hà', '2001223052@huit.edu.vn', '09901000052', '2003-04-02', 'Nữ', '12DHTH01', 2021),
('2001223053', 'Tạ Tùng Khoa', '2001223053@huit.edu.vn', '09901000053', '2003-05-03', 'Nam', '12DHTH01', 2021),
('2001223054', 'Trần Bảo Thảo', '2001223054@huit.edu.vn', '09901000054', '2003-06-04', 'Nữ', '12DHTH01', 2021),
('2001223055', 'Hoàng Mạnh Hà', '2001223055@huit.edu.vn', '09901000055', '2003-07-05', 'Nam', '12DHTH01', 2021),
('2001223056', 'Tạ Bảo My', '2001223056@huit.edu.vn', '09901000056', '2003-08-06', 'Nữ', '12DHTH01', 2021),
('2001223057', 'Hoàng Thế Hợp', '2001223057@huit.edu.vn', '09901000057', '2003-09-07', 'Nam', '12DHTH01', 2021),
('2001223058', 'Phạm Minh Đạt', '2001223058@huit.edu.vn', '09901000058', '2003-10-08', 'Nữ', '12DHTH01', 2021),
('2001223059', 'Bùi Tùng Trị', '2001223059@huit.edu.vn', '09901000059', '2003-11-09', 'Nam', '12DHTH01', 2021),
('2001223060', 'Tô Phúc Lợi', '2001223060@huit.edu.vn', '09901000060', '2003-12-10', 'Nữ', '12DHTH01', 2021),
('2001223061', 'Lê Thanh Đạt', '2001223061@huit.edu.vn', '09901000061', '2004-01-01', 'Nam', '13DHTH05', 2022),
('2001223062', 'Trần Thị Linh', '2001223062@huit.edu.vn', '09901000062', '2004-02-02', 'Nữ', '13DHTH05', 2022),
('2001223063', 'Trần Hoài Duyên', '2001223063@huit.edu.vn', '09901000063', '2004-03-03', 'Nam', '13DHTH05', 2022),
('2001223064', 'Huỳnh Thị Huy', '2001223064@huit.edu.vn', '09901000064', '2004-04-04', 'Nữ', '13DHTH05', 2022),
('2001223065', 'Nguyễn Ngọc My', '2001223065@huit.edu.vn', '09901000065', '2004-05-05', 'Nam', '13DHTH05', 2022),
('2001223066', 'Tạ Tùng Tiến', '2001223066@huit.edu.vn', '09901000066', '2004-06-06', 'Nữ', '13DHTH05', 2022),
('2001223067', 'Hoàng Mạnh Tâm', '2001223067@huit.edu.vn', '09901000067', '2004-07-07', 'Nam', '13DHTH05', 2022),
('2001223068', 'Phan Hưởng Khoa', '2001223068@huit.edu.vn', '09901000068', '2004-08-08', 'Nữ', '13DHTH05', 2022),
('2001223069', 'Tô Thị Long', '2001223069@huit.edu.vn', '09901000069', '2004-09-09', 'Nam', '13DHTH05', 2022),
('2001223070', 'Lê Thanh Phú', '2001223070@huit.edu.vn', '09901000070', '2004-10-10', 'Nữ', '13DHTH05', 2022),
('2001223071', 'Bùi Sơn Huy', '2001223071@huit.edu.vn', '09901000071', '2004-11-01', 'Nam', '13DHTH06', 2022),
('2001223072', 'Dương Mạnh Linh', '2001223072@huit.edu.vn', '09901000072', '2004-12-02', 'Nữ', '13DHTH06', 2022),
('2001223073', 'Trần Gia Thông', '2001223073@huit.edu.vn', '09901000073', '2004-01-03', 'Nam', '13DHTH06', 2022),
('2001223074', 'Huỳnh Nhật Hà', '2001223074@huit.edu.vn', '09901000074', '2004-02-04', 'Nữ', '13DHTH06', 2022),
('2001223075', 'Hoàng Sơn Trúc', '2001223075@huit.edu.vn', '09901000075', '2004-03-05', 'Nam', '13DHTH06', 2022),
('2001223076', 'Huỳnh Hà Huy', '2001223076@huit.edu.vn', '09901000076', '2004-04-06', 'Nữ', '13DHTH06', 2022),
('2001223077', 'Lê Hà Bảo', '2001223077@huit.edu.vn', '09901000077', '2004-05-07', 'Nam', '13DHTH06', 2022),
('2001223078', 'Ngô Minh Bảo', '2001223078@huit.edu.vn', '09901000078', '2004-06-08', 'Nữ', '13DHTH06', 2022),
('2001223079', 'Hoàng Ngọc Lợi', '2001223079@huit.edu.vn', '09901000079', '2004-07-09', 'Nam', '13DHTH06', 2022),
('2001223080', 'Tạ Ngọc Thư', '2001223080@huit.edu.vn', '09901000080', '2004-08-10', 'Nữ', '13DHTH06', 2022),
('2001223081', 'Hoàng Thế Huy', '2001223081@huit.edu.vn', '09901000081', '2005-09-01', 'Nam', '14DHAT01', 2023),
('2001223082', 'Lê Ngọc My', '2001223082@huit.edu.vn', '09901000082', '2005-10-02', 'Nữ', '14DHAT01', 2023),
('2001223083', 'Võ Hưởng Thành', '2001223083@huit.edu.vn', '09901000083', '2005-11-03', 'Nam', '14DHAT01', 2023),
('2001223084', 'Tạ Gia Huy', '2001223084@huit.edu.vn', '09901000084', '2005-12-04', 'Nữ', '14DHAT01', 2023),
('2001223085', 'Đặng Thành Hợp', '2001223085@huit.edu.vn', '09901000085', '2005-01-05', 'Nam', '14DHAT01', 2023),
('2001223086', 'Hoàng Hưởng Bảo', '2001223086@huit.edu.vn', '09901000086', '2005-02-06', 'Nữ', '14DHAT01', 2023),
('2001223087', 'Phạm Hoài Vũ', '2001223087@huit.edu.vn', '09901000087', '2005-03-07', 'Nam', '14DHAT01', 2023),
('2001223088', 'Trần Mạnh Huy', '2001223088@huit.edu.vn', '09901000088', '2005-04-08', 'Nữ', '14DHAT01', 2023),
('2001223089', 'Bùi Mạnh Ngọc', '2001223089@huit.edu.vn', '09901000089', '2005-05-09', 'Nam', '14DHAT01', 2023),
('2001223090', 'Trịnh Hà Trúc', '2001223090@huit.edu.vn', '09901000090', '2005-06-10', 'Nữ', '14DHAT01', 2023),
('2001223091', 'Nguyễn Thành Lan', '2001223091@huit.edu.vn', '09901000091', '2005-07-01', 'Nam', '14DHTH02', 2023),
('2001223092', 'Hoàng Hưởng Khoa', '2001223092@huit.edu.vn', '09901000092', '2005-08-02', 'Nữ', '14DHTH02', 2023),
('2001223093', 'Bùi Khánh Đạt', '2001223093@huit.edu.vn', '09901000093', '2005-09-03', 'Nam', '14DHTH02', 2023),
('2001223094', 'Huỳnh Thanh Duyên', '2001223094@huit.edu.vn', '09901000094', '2005-10-04', 'Nữ', '14DHTH02', 2023),
('2001223095', 'Tạ Hà Tâm', '2001223095@huit.edu.vn', '09901000095', '2005-11-05', 'Nam', '14DHTH02', 2023),
('2001223096', 'Ngô Mạnh Khoa', '2001223096@huit.edu.vn', '09901000096', '2005-12-06', 'Nữ', '14DHTH02', 2023),
('2001223097', 'Huỳnh Quốc Lan', '2001223097@huit.edu.vn', '09901000097', '2005-01-07', 'Nam', '14DHTH02', 2023),
('2001223098', 'Đặng Tùng Khoa', '2001223098@huit.edu.vn', '09901000098', '2005-02-08', 'Nữ', '14DHTH02', 2023),
('2001223099', 'Huỳnh Bảo Thư', '2001223099@huit.edu.vn', '09901000099', '2005-03-09', 'Nam', '14DHTH02', 2023),
('2001223100', 'Ngô Thế Thư', '2001223100@huit.edu.vn', '09901000100', '2005-04-10', 'Nữ', '14DHTH02', 2023);

-- --------------------------------------------------------

--
-- Table structure for table `student_clusters`
--

CREATE TABLE `student_clusters` (
  `ClusterAssignmentID` bigint(20) UNSIGNED NOT NULL,
  `MSSV` varchar(20) NOT NULL,
  `ClusterID` int(11) NOT NULL,
  `ClusterName` varchar(255) DEFAULT NULL,
  `AssignmentDate` timestamp NOT NULL DEFAULT current_timestamp()
) ENGINE=InnoDB DEFAULT CHARSET=utf8mb4 COLLATE=utf8mb4_unicode_ci;

--
-- Dumping data for table `student_clusters`
--

INSERT INTO `student_clusters` (`ClusterAssignmentID`, `MSSV`, `ClusterID`, `ClusterName`, `AssignmentDate`) VALUES
(1, '2001223001', 0, 'Sinh viên hoạt động vừa phải', '2025-12-01 16:53:00'),
(2, '2001223002', 2, 'Sinh viên tích cực, đa năng', '2025-12-01 16:53:00'),
(3, '2001223003', 2, 'Sinh viên tích cực, đa năng', '2025-12-01 16:53:00'),
(4, '2001223004', 2, 'Sinh viên tích cực, đa năng', '2025-12-01 16:53:00'),
(5, '2001223005', 2, 'Sinh viên tích cực, đa năng', '2025-12-01 16:53:00'),
(6, '2001223006', 0, 'Sinh viên hoạt động vừa phải', '2025-12-01 16:53:00'),
(7, '2001223007', 0, 'Sinh viên hoạt động vừa phải', '2025-12-01 16:53:00'),
(8, '2001223008', 0, 'Sinh viên hoạt động vừa phải', '2025-12-01 16:53:00'),
(9, '2001223009', 0, 'Sinh viên hoạt động vừa phải', '2025-12-01 16:53:00'),
(10, '2001223010', 0, 'Sinh viên hoạt động vừa phải', '2025-12-01 16:53:00'),
(11, '2001223011', 0, 'Sinh viên hoạt động vừa phải', '2025-12-01 16:53:00'),
(12, '2001223012', 0, 'Sinh viên hoạt động vừa phải', '2025-12-01 16:53:00'),
(13, '2001223013', 0, 'Sinh viên hoạt động vừa phải', '2025-12-01 16:53:00'),
(14, '2001223014', 1, 'Sinh viên có định hướng chuyên sâu', '2025-12-01 16:53:00'),
(15, '2001223015', 0, 'Sinh viên hoạt động vừa phải', '2025-12-01 16:53:00'),
(16, '2001223016', 0, 'Sinh viên hoạt động vừa phải', '2025-12-01 16:53:00'),
(17, '2001223017', 0, 'Sinh viên hoạt động vừa phải', '2025-12-01 16:53:00'),
(18, '2001223018', 0, 'Sinh viên hoạt động vừa phải', '2025-12-01 16:53:00'),
(19, '2001223019', 2, 'Sinh viên tích cực, đa năng', '2025-12-01 16:53:00'),
(20, '2001223020', 2, 'Sinh viên tích cực, đa năng', '2025-12-01 16:53:00'),
(21, '2001223021', 1, 'Sinh viên có định hướng chuyên sâu', '2025-12-01 16:53:00'),
(22, '2001223022', 0, 'Sinh viên hoạt động vừa phải', '2025-12-01 16:53:00'),
(23, '2001223023', 0, 'Sinh viên hoạt động vừa phải', '2025-12-01 16:53:00'),
(24, '2001223024', 0, 'Sinh viên hoạt động vừa phải', '2025-12-01 16:53:00'),
(25, '2001223025', 0, 'Sinh viên hoạt động vừa phải', '2025-12-01 16:53:00'),
(26, '2001223026', 0, 'Sinh viên hoạt động vừa phải', '2025-12-01 16:53:00'),
(27, '2001223027', 0, 'Sinh viên hoạt động vừa phải', '2025-12-01 16:53:00'),
(28, '2001223028', 0, 'Sinh viên hoạt động vừa phải', '2025-12-01 16:53:00'),
(29, '2001223029', 0, 'Sinh viên hoạt động vừa phải', '2025-12-01 16:53:00'),
(30, '2001223030', 0, 'Sinh viên hoạt động vừa phải', '2025-12-01 16:53:00'),
(31, '2001223031', 1, 'Sinh viên có định hướng chuyên sâu', '2025-12-01 16:53:00'),
(32, '2001223032', 1, 'Sinh viên có định hướng chuyên sâu', '2025-12-01 16:53:00'),
(33, '2001223033', 1, 'Sinh viên có định hướng chuyên sâu', '2025-12-01 16:53:00'),
(34, '2001223034', 1, 'Sinh viên có định hướng chuyên sâu', '2025-12-01 16:53:00'),
(35, '2001223035', 1, 'Sinh viên có định hướng chuyên sâu', '2025-12-01 16:53:00'),
(36, '2001223036', 1, 'Sinh viên có định hướng chuyên sâu', '2025-12-01 16:53:00'),
(37, '2001223037', 1, 'Sinh viên có định hướng chuyên sâu', '2025-12-01 16:53:00'),
(38, '2001223038', 3, 'Sinh viên ít hoạt động', '2025-12-01 16:53:00'),
(39, '2001223039', 1, 'Sinh viên có định hướng chuyên sâu', '2025-12-01 16:53:00'),
(40, '2001223040', 1, 'Sinh viên có định hướng chuyên sâu', '2025-12-01 16:53:00'),
(41, '2001223041', 1, 'Sinh viên có định hướng chuyên sâu', '2025-12-01 16:53:00'),
(42, '2001223042', 1, 'Sinh viên có định hướng chuyên sâu', '2025-12-01 16:53:00'),
(43, '2001223043', 1, 'Sinh viên có định hướng chuyên sâu', '2025-12-01 16:53:00'),
(44, '2001223044', 1, 'Sinh viên có định hướng chuyên sâu', '2025-12-01 16:53:00'),
(45, '2001223045', 1, 'Sinh viên có định hướng chuyên sâu', '2025-12-01 16:53:00'),
(46, '2001223046', 3, 'Sinh viên ít hoạt động', '2025-12-01 16:53:00'),
(47, '2001223047', 1, 'Sinh viên có định hướng chuyên sâu', '2025-12-01 16:53:00'),
(48, '2001223048', 1, 'Sinh viên có định hướng chuyên sâu', '2025-12-01 16:53:00'),
(49, '2001223049', 1, 'Sinh viên có định hướng chuyên sâu', '2025-12-01 16:53:00'),
(50, '2001223050', 1, 'Sinh viên có định hướng chuyên sâu', '2025-12-01 16:53:00'),
(51, '2001223051', 2, 'Sinh viên tích cực, đa năng', '2025-12-01 16:53:00'),
(52, '2001223052', 2, 'Sinh viên tích cực, đa năng', '2025-12-01 16:53:00'),
(53, '2001223053', 2, 'Sinh viên tích cực, đa năng', '2025-12-01 16:53:00'),
(54, '2001223054', 2, 'Sinh viên tích cực, đa năng', '2025-12-01 16:53:00'),
(55, '2001223055', 2, 'Sinh viên tích cực, đa năng', '2025-12-01 16:53:00'),
(56, '2001223056', 2, 'Sinh viên tích cực, đa năng', '2025-12-01 16:53:00'),
(57, '2001223057', 2, 'Sinh viên tích cực, đa năng', '2025-12-01 16:53:00'),
(58, '2001223058', 2, 'Sinh viên tích cực, đa năng', '2025-12-01 16:53:00'),
(59, '2001223059', 2, 'Sinh viên tích cực, đa năng', '2025-12-01 16:53:00'),
(60, '2001223060', 2, 'Sinh viên tích cực, đa năng', '2025-12-01 16:53:00'),
(61, '2001223061', 0, 'Sinh viên hoạt động vừa phải', '2025-12-01 16:53:00'),
(62, '2001223062', 0, 'Sinh viên hoạt động vừa phải', '2025-12-01 16:53:00'),
(63, '2001223063', 1, 'Sinh viên có định hướng chuyên sâu', '2025-12-01 16:53:00'),
(64, '2001223064', 0, 'Sinh viên hoạt động vừa phải', '2025-12-01 16:53:00'),
(65, '2001223065', 0, 'Sinh viên hoạt động vừa phải', '2025-12-01 16:53:00'),
(66, '2001223066', 0, 'Sinh viên hoạt động vừa phải', '2025-12-01 16:53:00'),
(67, '2001223067', 3, 'Sinh viên ít hoạt động', '2025-12-01 16:53:00'),
(68, '2001223068', 0, 'Sinh viên hoạt động vừa phải', '2025-12-01 16:53:00'),
(69, '2001223069', 0, 'Sinh viên hoạt động vừa phải', '2025-12-01 16:53:00'),
(70, '2001223070', 0, 'Sinh viên hoạt động vừa phải', '2025-12-01 16:53:00'),
(71, '2001223071', 2, 'Sinh viên tích cực, đa năng', '2025-12-01 16:53:00'),
(72, '2001223072', 0, 'Sinh viên hoạt động vừa phải', '2025-12-01 16:53:00'),
(73, '2001223073', 0, 'Sinh viên hoạt động vừa phải', '2025-12-01 16:53:00'),
(74, '2001223074', 1, 'Sinh viên có định hướng chuyên sâu', '2025-12-01 16:53:00'),
(75, '2001223075', 1, 'Sinh viên có định hướng chuyên sâu', '2025-12-01 16:53:00'),
(76, '2001223076', 1, 'Sinh viên có định hướng chuyên sâu', '2025-12-01 16:53:00'),
(77, '2001223077', 1, 'Sinh viên có định hướng chuyên sâu', '2025-12-01 16:53:00'),
(78, '2001223078', 0, 'Sinh viên hoạt động vừa phải', '2025-12-01 16:53:00'),
(79, '2001223079', 1, 'Sinh viên có định hướng chuyên sâu', '2025-12-01 16:53:00'),
(80, '2001223080', 1, 'Sinh viên có định hướng chuyên sâu', '2025-12-01 16:53:00'),
(81, '2001223081', 1, 'Sinh viên có định hướng chuyên sâu', '2025-12-01 16:53:00'),
(82, '2001223082', 1, 'Sinh viên có định hướng chuyên sâu', '2025-12-01 16:53:00'),
(83, '2001223083', 1, 'Sinh viên có định hướng chuyên sâu', '2025-12-01 16:53:00'),
(84, '2001223084', 1, 'Sinh viên có định hướng chuyên sâu', '2025-12-01 16:53:00'),
(85, '2001223085', 1, 'Sinh viên có định hướng chuyên sâu', '2025-12-01 16:53:00'),
(86, '2001223086', 3, 'Sinh viên ít hoạt động', '2025-12-01 16:53:00'),
(87, '2001223087', 1, 'Sinh viên có định hướng chuyên sâu', '2025-12-01 16:53:00'),
(88, '2001223088', 1, 'Sinh viên có định hướng chuyên sâu', '2025-12-01 16:53:00'),
(89, '2001223089', 1, 'Sinh viên có định hướng chuyên sâu', '2025-12-01 16:53:00'),
(90, '2001223090', 1, 'Sinh viên có định hướng chuyên sâu', '2025-12-01 16:53:00'),
(91, '2001223091', 1, 'Sinh viên có định hướng chuyên sâu', '2025-12-01 16:53:00'),
(92, '2001223092', 1, 'Sinh viên có định hướng chuyên sâu', '2025-12-01 16:53:00'),
(93, '2001223093', 1, 'Sinh viên có định hướng chuyên sâu', '2025-12-01 16:53:00'),
(94, '2001223094', 3, 'Sinh viên ít hoạt động', '2025-12-01 16:53:00'),
(95, '2001223095', 1, 'Sinh viên có định hướng chuyên sâu', '2025-12-01 16:53:00'),
(96, '2001223096', 1, 'Sinh viên có định hướng chuyên sâu', '2025-12-01 16:53:00'),
(97, '2001223097', 1, 'Sinh viên có định hướng chuyên sâu', '2025-12-01 16:53:00'),
(98, '2001223098', 1, 'Sinh viên có định hướng chuyên sâu', '2025-12-01 16:53:00'),
(99, '2001223099', 1, 'Sinh viên có định hướng chuyên sâu', '2025-12-01 16:53:00'),
(100, '2001223100', 1, 'Sinh viên có định hướng chuyên sâu', '2025-12-01 16:53:00');

-- --------------------------------------------------------

--
-- Table structure for table `student_interests`
--

CREATE TABLE `student_interests` (
  `StudentInterestID` bigint(20) UNSIGNED NOT NULL,
  `MSSV` varchar(20) NOT NULL,
  `InterestID` bigint(20) UNSIGNED NOT NULL,
  `InterestLevel` int(11) NOT NULL COMMENT '1-5 scale',
  `UpdatedAt` timestamp NOT NULL DEFAULT current_timestamp() ON UPDATE current_timestamp()
) ENGINE=InnoDB DEFAULT CHARSET=utf8mb4 COLLATE=utf8mb4_unicode_ci;

--
-- Dumping data for table `student_interests`
--

INSERT INTO `student_interests` (`StudentInterestID`, `MSSV`, `InterestID`, `InterestLevel`, `UpdatedAt`) VALUES
(3, '2001223002', 1, 5, '2025-11-28 09:28:16'),
(4, '2001223002', 4, 3, '2025-11-28 09:28:16'),
(5, '2001223003', 1, 4, '2025-11-28 09:28:16'),
(6, '2001223003', 2, 4, '2025-11-28 09:28:16'),
(7, '2001223004', 1, 5, '2025-11-28 09:28:16'),
(8, '2001223004', 9, 3, '2025-11-28 09:28:16'),
(9, '2001223005', 1, 4, '2025-11-28 09:28:16'),
(10, '2001223005', 6, 3, '2025-11-28 09:28:16'),
(13, '2001223052', 1, 4, '2025-11-28 09:28:16'),
(14, '2001223052', 2, 5, '2025-11-28 09:28:16'),
(15, '2001223053', 1, 5, '2025-11-28 09:28:16'),
(16, '2001223053', 2, 4, '2025-11-28 09:28:16'),
(17, '2001223054', 1, 4, '2025-11-28 09:28:16'),
(18, '2001223054', 4, 3, '2025-11-28 09:28:16'),
(19, '2001223055', 1, 5, '2025-11-28 09:28:16'),
(20, '2001223055', 8, 4, '2025-11-28 09:28:16'),
(21, '2001223056', 1, 4, '2025-11-28 09:28:16'),
(22, '2001223056', 3, 4, '2025-11-28 09:28:16'),
(23, '2001223011', 5, 5, '2025-11-28 09:28:16'),
(24, '2001223011', 7, 4, '2025-11-28 09:28:16'),
(25, '2001223012', 5, 5, '2025-11-28 09:28:16'),
(26, '2001223012', 6, 3, '2025-11-28 09:28:16'),
(27, '2001223061', 5, 4, '2025-11-28 09:28:16'),
(28, '2001223061', 2, 4, '2025-11-28 09:28:16'),
(29, '2001223062', 5, 5, '2025-11-28 09:28:16'),
(30, '2001223062', 7, 4, '2025-11-28 09:28:16'),
(31, '2001223063', 5, 4, '2025-11-28 09:28:16'),
(32, '2001223063', 8, 3, '2025-11-28 09:28:16'),
(33, '2001223064', 5, 5, '2025-11-28 09:28:16'),
(34, '2001223064', 6, 4, '2025-11-28 09:28:16'),
(35, '2001223065', 5, 4, '2025-11-28 09:28:16'),
(36, '2001223065', 1, 3, '2025-11-28 09:28:16'),
(37, '2001223066', 5, 5, '2025-11-28 09:28:16'),
(38, '2001223066', 7, 4, '2025-11-28 09:28:16'),
(41, '2001223068', 5, 5, '2025-11-28 09:28:16'),
(42, '2001223068', 2, 3, '2025-11-28 09:28:16'),
(43, '2001223021', 4, 5, '2025-11-28 09:28:16'),
(44, '2001223021', 8, 4, '2025-11-28 09:28:16'),
(45, '2001223022', 4, 5, '2025-11-28 09:28:16'),
(46, '2001223022', 3, 3, '2025-11-28 09:28:16'),
(47, '2001223071', 4, 5, '2025-11-28 09:28:16'),
(48, '2001223071', 1, 3, '2025-11-28 09:28:16'),
(49, '2001223072', 4, 4, '2025-11-28 09:28:16'),
(50, '2001223072', 2, 5, '2025-11-28 09:28:16'),
(51, '2001223073', 4, 5, '2025-11-28 09:28:16'),
(52, '2001223073', 6, 3, '2025-11-28 09:28:16'),
(53, '2001223074', 4, 4, '2025-11-28 09:28:16'),
(54, '2001223074', 8, 4, '2025-11-28 09:28:16'),
(55, '2001223031', 8, 5, '2025-11-28 09:28:16'),
(56, '2001223031', 10, 4, '2025-11-28 09:28:16'),
(57, '2001223032', 8, 4, '2025-11-28 09:28:16'),
(58, '2001223032', 5, 3, '2025-11-28 09:28:16'),
(59, '2001223033', 8, 5, '2025-11-28 09:28:16'),
(60, '2001223033', 1, 3, '2025-11-28 09:28:16'),
(61, '2001223034', 8, 4, '2025-11-28 09:28:16'),
(62, '2001223034', 10, 4, '2025-11-28 09:28:16'),
(63, '2001223035', 8, 5, '2025-11-28 09:28:16'),
(64, '2001223035', 4, 3, '2025-11-28 09:28:16'),
(65, '2001223036', 8, 4, '2025-11-28 09:28:16'),
(66, '2001223036', 7, 4, '2025-11-28 09:28:16'),
(67, '2001223037', 8, 5, '2025-11-28 09:28:16'),
(68, '2001223037', 2, 3, '2025-11-28 09:28:16'),
(69, '2001223038', 8, 4, '2025-11-28 09:28:16'),
(70, '2001223038', 3, 4, '2025-11-28 09:28:16'),
(71, '2001223039', 8, 5, '2025-11-28 09:28:16'),
(72, '2001223039', 6, 3, '2025-11-28 09:28:16'),
(73, '2001223040', 8, 4, '2025-11-28 09:28:16'),
(74, '2001223040', 10, 4, '2025-11-28 09:28:16'),
(75, '2001223041', 8, 5, '2025-11-28 09:28:16'),
(76, '2001223041', 1, 3, '2025-11-28 09:28:16'),
(77, '2001223042', 8, 4, '2025-11-28 09:28:16'),
(78, '2001223042', 7, 4, '2025-11-28 09:28:16'),
(79, '2001223043', 8, 5, '2025-11-28 09:28:16'),
(80, '2001223043', 4, 3, '2025-11-28 09:28:16'),
(81, '2001223044', 8, 4, '2025-11-28 09:28:16'),
(82, '2001223044', 5, 4, '2025-11-28 09:28:16'),
(83, '2001223045', 8, 5, '2025-11-28 09:28:16'),
(84, '2001223045', 2, 3, '2025-11-28 09:28:16'),
(85, '2001223046', 8, 4, '2025-11-28 09:28:16'),
(86, '2001223046', 3, 4, '2025-11-28 09:28:16'),
(87, '2001223047', 8, 5, '2025-11-28 09:28:16'),
(88, '2001223047', 6, 3, '2025-11-28 09:28:16'),
(89, '2001223048', 8, 4, '2025-11-28 09:28:16'),
(90, '2001223048', 10, 4, '2025-11-28 09:28:16'),
(91, '2001223049', 8, 5, '2025-11-28 09:28:16'),
(92, '2001223049', 1, 3, '2025-11-28 09:28:16'),
(93, '2001223050', 8, 4, '2025-11-28 09:28:16'),
(94, '2001223050', 7, 4, '2025-11-28 09:28:16'),
(95, '2001223075', 8, 5, '2025-11-28 09:28:16'),
(96, '2001223075', 4, 3, '2025-11-28 09:28:16'),
(97, '2001223076', 8, 4, '2025-11-28 09:28:16'),
(98, '2001223076', 5, 4, '2025-11-28 09:28:16'),
(99, '2001223077', 8, 5, '2025-11-28 09:28:16'),
(100, '2001223077', 2, 3, '2025-11-28 09:28:16'),
(103, '2001223079', 8, 5, '2025-11-28 09:28:16'),
(104, '2001223079', 6, 3, '2025-11-28 09:28:16'),
(105, '2001223080', 8, 4, '2025-11-28 09:28:16'),
(106, '2001223080', 10, 4, '2025-11-28 09:28:16'),
(107, '2001223081', 8, 5, '2025-11-28 09:28:16'),
(108, '2001223081', 1, 3, '2025-11-28 09:28:16'),
(109, '2001223082', 8, 4, '2025-11-28 09:28:16'),
(110, '2001223082', 7, 4, '2025-11-28 09:28:16'),
(111, '2001223083', 8, 5, '2025-11-28 09:28:16'),
(112, '2001223083', 4, 3, '2025-11-28 09:28:16'),
(113, '2001223084', 8, 4, '2025-11-28 09:28:16'),
(114, '2001223084', 5, 4, '2025-11-28 09:28:16'),
(115, '2001223085', 8, 5, '2025-11-28 09:28:16'),
(116, '2001223085', 2, 3, '2025-11-28 09:28:16'),
(117, '2001223086', 8, 4, '2025-11-28 09:28:16'),
(118, '2001223086', 3, 4, '2025-11-28 09:28:16'),
(119, '2001223087', 8, 5, '2025-11-28 09:28:16'),
(120, '2001223087', 6, 3, '2025-11-28 09:28:16'),
(121, '2001223088', 8, 4, '2025-11-28 09:28:16'),
(122, '2001223088', 10, 4, '2025-11-28 09:28:16'),
(123, '2001223089', 8, 5, '2025-11-28 09:28:16'),
(124, '2001223089', 1, 3, '2025-11-28 09:28:16'),
(125, '2001223090', 8, 4, '2025-11-28 09:28:16'),
(126, '2001223090', 7, 4, '2025-11-28 09:28:16'),
(127, '2001223091', 8, 5, '2025-11-28 09:28:16'),
(128, '2001223091', 4, 3, '2025-11-28 09:28:16'),
(129, '2001223092', 8, 4, '2025-11-28 09:28:16'),
(130, '2001223092', 5, 4, '2025-11-28 09:28:16'),
(131, '2001223093', 8, 5, '2025-11-28 09:28:16'),
(132, '2001223093', 2, 3, '2025-11-28 09:28:16'),
(133, '2001223094', 8, 4, '2025-11-28 09:28:16'),
(134, '2001223094', 3, 4, '2025-11-28 09:28:16'),
(135, '2001223095', 8, 5, '2025-11-28 09:28:16'),
(136, '2001223095', 6, 3, '2025-11-28 09:28:16'),
(137, '2001223096', 8, 4, '2025-11-28 09:28:16'),
(138, '2001223096', 10, 4, '2025-11-28 09:28:16'),
(139, '2001223097', 8, 5, '2025-11-28 09:28:16'),
(140, '2001223097', 1, 3, '2025-11-28 09:28:16'),
(141, '2001223098', 8, 4, '2025-11-28 09:28:16'),
(142, '2001223098', 7, 4, '2025-11-28 09:28:16'),
(143, '2001223099', 8, 5, '2025-11-28 09:28:16'),
(144, '2001223099', 4, 3, '2025-11-28 09:28:16'),
(145, '2001223100', 8, 4, '2025-11-28 09:28:16'),
(146, '2001223100', 5, 4, '2025-11-28 09:28:16'),
(147, '2001223013', 4, 5, '2025-11-28 09:28:16'),
(148, '2001223013', 2, 3, '2025-11-28 09:28:16'),
(149, '2001223014', 4, 4, '2025-11-28 09:28:16'),
(150, '2001223014', 8, 4, '2025-11-28 09:28:16'),
(151, '2001223015', 4, 5, '2025-11-28 09:28:16'),
(152, '2001223015', 6, 3, '2025-11-28 09:28:16'),
(153, '2001223016', 4, 4, '2025-11-28 09:28:16'),
(154, '2001223016', 5, 4, '2025-11-28 09:28:16'),
(155, '2001223017', 4, 5, '2025-11-28 09:28:16'),
(156, '2001223017', 3, 3, '2025-11-28 09:28:16'),
(157, '2001223018', 4, 4, '2025-11-28 09:28:16'),
(158, '2001223018', 7, 4, '2025-11-28 09:28:16'),
(159, '2001223019', 4, 5, '2025-11-28 09:28:16'),
(160, '2001223019', 1, 3, '2025-11-28 09:28:16'),
(163, '2001223057', 1, 5, '2025-11-28 09:28:16'),
(164, '2001223057', 4, 4, '2025-11-28 09:28:16'),
(165, '2001223058', 1, 4, '2025-11-28 09:28:16'),
(166, '2001223058', 8, 3, '2025-11-28 09:28:16'),
(167, '2001223059', 1, 5, '2025-11-28 09:28:16'),
(168, '2001223059', 2, 4, '2025-11-28 09:28:16'),
(169, '2001223060', 1, 4, '2025-11-28 09:28:16'),
(170, '2001223060', 7, 4, '2025-11-28 09:28:16'),
(180, '2001223078', 10, 3, '2025-11-28 10:19:00'),
(181, '2001223078', 5, 3, '2025-11-28 10:19:01'),
(182, '2001223078', 4, 3, '2025-11-28 10:19:01'),
(183, '2001223051', 3, 3, '2025-11-28 10:23:37'),
(184, '2001223051', 6, 3, '2025-11-28 10:23:37'),
(185, '2001223051', 1, 3, '2025-11-28 10:23:37'),
(186, '2001223001', 7, 3, '2025-11-28 10:28:13'),
(187, '2001223001', 4, 3, '2025-11-28 10:28:13'),
(188, '2001223070', 5, 3, '2025-11-28 10:31:42'),
(189, '2001223067', 8, 3, '2025-11-28 10:45:29'),
(190, '2001223067', 5, 3, '2025-11-28 10:45:29'),
(191, '2001223067', 3, 3, '2025-11-28 10:45:29'),
(192, '2001223020', 1, 3, '2025-11-29 13:47:16');

-- --------------------------------------------------------

--
-- Table structure for table `taikhoan`
--

CREATE TABLE `taikhoan` (
  `TenDangNhap` varchar(50) NOT NULL,
  `MatKhau` varchar(255) NOT NULL,
  `VaiTro` enum('SinhVien','GiangVien','NhanVien','Admin') NOT NULL,
  `Avatar` varchar(255) DEFAULT NULL
) ENGINE=InnoDB DEFAULT CHARSET=utf8mb4 COLLATE=utf8mb4_unicode_ci;

--
-- Dumping data for table `taikhoan`
--

INSERT INTO `taikhoan` (`TenDangNhap`, `MatKhau`, `VaiTro`, `Avatar`) VALUES
('2001223001', '$2y$12$QvUIx4cJ1wZn4LB.4MEt5.4yuA9j3BzPB2AqzljebEflQKMnXwFd6', 'SinhVien', NULL),
('2001223002', '$2y$12$RVIPr8MCUuRyx8m6be7fy.Buvbj4WyK/a/nvOMVFLMvBbMDR1Gafy', 'SinhVien', NULL),
('2001223003', '$2y$12$x6E3P937Eu1o4PCi5ji2Nujn/16qqtWjyAAKqwY9LuUg5gn2u1XB.', 'SinhVien', NULL),
('2001223004', '$2y$12$5JYGQYNCSbneDxLzLw95w.Zr9JKcGX8dwCYT/2j9YRudGruqDSxDq', 'SinhVien', NULL),
('2001223005', '$2y$12$DS1gKvGGGOHS.7zwn/1rc.i4ks3EN6lXCtyul6aThnzFLeLNO7ygu', 'SinhVien', NULL),
('2001223006', '$2y$12$5IC77f9ZKEFms9LcfLMMZu8w3L6kotozsjZQnNCGx2kP.RSGApDLO', 'SinhVien', NULL),
('2001223007', '$2y$12$ygQZSi/VDeCYxIR16Uij9OllK19rx6.tWRWH61T4FAmMi4HVVb3V.', 'SinhVien', NULL),
('2001223008', '$2y$12$nd85wGW4y7aivLMh7f/lkegE840me46DnEvfsWgKKKe3Zju.UzXUm', 'SinhVien', NULL),
('2001223009', '$2y$12$9eJXvPa77LvhdnBMUFhPmuOLaI0QqlsJ5ef/BtyzJl6Vnp.2X..H.', 'SinhVien', NULL),
('2001223010', '$2y$12$vuT2iJbJIljlylcCwyVD1ujwvgGkt04w5VatUzbq3wp4JpvqPsbK.', 'SinhVien', NULL),
('2001223011', '$2y$12$MJhtV.wB2NQGCmo.02Ei6OGRN5bRwcScr4jb2.yB7EKzpPIi4R1zO', 'SinhVien', NULL),
('2001223012', '$2y$12$t./ZP8vVHS5gETbkD7lgLe0JXuXKSOp.alD5hFhE.U3c6HP/dfyrq', 'SinhVien', NULL),
('2001223013', '$2y$12$DNx/TmWMXyBoknFS254s8.q9T4iRdsicTHaTU6DesCL7AJZITSrKa', 'SinhVien', NULL),
('2001223014', '$2y$12$johLgQJSyglMXD0VHP7Qbe45USks9jGPVL5l1onuH5Dp156icjef2', 'SinhVien', NULL),
('2001223015', '$2y$12$nRS4a3NfElqL5ujjSrc3x.1zEOxxANgn2XqqfnIrdHU/Ow.UQ7iz6', 'SinhVien', NULL),
('2001223016', '$2y$12$lhIWm0Xih16fAPq1eVP8VubZAIibDLo0jRGGxWuHXksUGUanRE6dm', 'SinhVien', NULL),
('2001223017', '$2y$12$rt5zPNWhEvc1aS2vquFLiOb3IyeJDobZ1xiu0iUz.giyiK1ZFmYkq', 'SinhVien', NULL),
('2001223018', '$2y$12$UyxusoNYwjvHm1j4VtcvG.J7.DNe6H4/.MAfz.ywR96Wof9UtXiRG', 'SinhVien', NULL),
('2001223019', '$2y$12$rg50794XxTz6H97vq3GVmO2X4EYtrxU3juwGxxbOZ18U.0UfrR8DS', 'SinhVien', NULL),
('2001223020', '$2y$12$Sf/hH3Xt4/gXsFcWH4cjKugMDn1Dd7JY6WOLcUL9pKjFrtH1fRmDK', 'SinhVien', NULL),
('2001223021', '$2y$12$0dZvWgAZUJyHHIufGWY4uefkcpLG8Q9Vv9nOTYjOUR1.LWL6pJbOm', 'SinhVien', NULL),
('2001223022', '$2y$12$y2K/uh1zmR/idwGspZny.uWJbUVR7wYOw5lgMPILWIHH0dp.o/KZ6', 'SinhVien', NULL),
('2001223023', '$2y$12$3otqCvGQ8C.1Lue/56iS7e40kfIuxsHI2pw4bmuhwZlR2wKdyIh2y', 'SinhVien', NULL),
('2001223024', '$2y$12$SOZOX7cE3zR2AIWDixUbIuh8QvtSbT/STp2apKR.kGiYWOrS7JBXe', 'SinhVien', NULL),
('2001223025', '$2y$12$2jVVLB2lV5eCwpcd2zHucOlYEbpJiPq4TOhHuhzkv3kXypCMiXZ.K', 'SinhVien', NULL),
('2001223026', '$2y$12$Tj91b8go3g5/NV1IjLONv.zbcPuEShPpU0jwpNy2UU/JB2i1MVvJ2', 'SinhVien', NULL),
('2001223027', '$2y$12$EP1t6YBCVz.v7oRHLm21d.GTPYTzH8nBKoKWZhxJkTus9SqQxyVnO', 'SinhVien', NULL),
('2001223028', '$2y$12$TWWi8OoGjdgtUBGHNQhgfOzldAFg281t0A8EQuFG3nUZdlz2LgK66', 'SinhVien', NULL),
('2001223029', '$2y$12$baHp/SFs/cochPRny2a3tu5E44TFgnlg6BGY.O39X5/vx.t3LKd.O', 'SinhVien', NULL),
('2001223030', '$2y$12$lTveNu8NFxIQu2JHEqXaIe9IYczzUH8R2zd3HsXMT2DrEoG/sV9Ne', 'SinhVien', NULL),
('2001223031', '$2y$12$iykcuRhfVo9uXKY0gdEal.95KDGimRo9XGMXuW3AXKHVJWy9ONvUa', 'SinhVien', NULL),
('2001223032', '$2y$12$PwJgHXl7QHNsMO9.ySMe.eOZW85onkzwSSZf4jo5qf/mCcqCgwrla', 'SinhVien', NULL),
('2001223033', '$2y$12$gdZotMlFcvoIh88J3RMaRujMNV3U3e3mEjvVN2/6y4CaqKFd2Z2b6', 'SinhVien', NULL),
('2001223034', '$2y$12$MAbo7qxKyYV9i7vohlMk..5S1H0b25OFM6KY5w64dIr2DLtrjCM/K', 'SinhVien', NULL),
('2001223035', '$2y$12$ECdFY7YlapAJjjt7MltNU.NcEIU0lbF3h5/yf/3M1L1qz2G5rA7pu', 'SinhVien', NULL),
('2001223036', '$2y$12$jUQEjU/nPxXF3zqygf0Zb.6jTVQaFg.k0w4Vi0X54wCwIZ6BgkOka', 'SinhVien', NULL),
('2001223037', '$2y$12$FMKYuiaAi5z5KILKeNmqq.eF.lznOBDd9vpNYli9MEeZcNVulp/Im', 'SinhVien', NULL),
('2001223038', '$2y$12$mh6srriKyJCg1Ojk2Yqu8eJxll4jiiHHp.qNrjl.OejKx7cl7CSD2', 'SinhVien', NULL),
('2001223039', '$2y$12$jaALO3v9A06i6Y1HcpHPqeSy1lDy1Geawq.RMRYkqDpl1j/iRzH82', 'SinhVien', NULL),
('2001223040', '$2y$12$uLmKdv6pVSrUvfNqZ6u.EuABZkScJiqFe/0ge.cH5xQrXgxYB25Sq', 'SinhVien', NULL),
('2001223041', '$2y$12$sSoQ8blnKjWuif0HjsbGpe380MXG/5z4YPSCZ3mP6IxIKFFa/ZG8u', 'SinhVien', NULL),
('2001223042', '$2y$12$2ON4cgh2Mt9Ku9aeHDVoAunq9h4oBmXVWtdI9pWhjtsPIJvpr2nm2', 'SinhVien', NULL),
('2001223043', '$2y$12$8MUs0Y5P1h/7aIU/r.SBcOMa5R.Fwfsih2Ro6gT5FqkOVx8t9HyHm', 'SinhVien', NULL),
('2001223044', '$2y$12$jEcuS4f3X4WeIOL6wDsLLe1w1q4.tsQePRs/UQeiTYDGlEP7wKO7O', 'SinhVien', NULL),
('2001223045', '$2y$12$GJQenxl5OswLNGgBVC7RGebqkQvHkQV740wdACyXpJ5AbCnDMjaF.', 'SinhVien', NULL),
('2001223046', '$2y$12$8o/KqWO/TvBuovu9NDYoFuejeuglwnXZkUviH1j2arNFF7tP/IGj.', 'SinhVien', NULL),
('2001223047', '$2y$12$55nT1JaoEoBx1bHboOHS9OyWxt75CUlOA.B73bp.gUOLd8/D2YFGO', 'SinhVien', NULL),
('2001223048', '$2y$12$/hhiXZLY7Zq3P.fWmV4kauJk6CA6v8a3OLy.2qTHx0vJeoPGRNqf6', 'SinhVien', NULL),
('2001223049', '$2y$12$cy2gLgoqqOR.1vKbIclqEejqNr3y.VUnjnPlx/Ewox5bYtMxtLzma', 'SinhVien', NULL),
('2001223050', '$2y$12$IOu9cGS9E4S.6ejqFI.9T.oG81IabdmDBz5Ui6JTy2kKwy5QhL.Ei', 'SinhVien', NULL),
('2001223051', '$2y$12$j5gtvYmXT4lmJbu/SYx.KuLpaXHPADY9eAXKQ408zVxL6o/Zy8rgu', 'SinhVien', NULL),
('2001223052', '$2y$12$hH9tr3G0HFUTjoN967mkPOu72boUw8B6A7Le8V8JmWjIsTqGWZL9K', 'SinhVien', NULL),
('2001223053', '$2y$12$VRU1kXJ3ADlrdpk6qApczec4OAyugcUlX851EW7ZYSLyLYCTVeO92', 'SinhVien', NULL),
('2001223054', '$2y$12$EaczXh1a562rG7eqFZjtUOzkaseaNa/noV9c52fWSp4gGx/DYvfIm', 'SinhVien', NULL),
('2001223055', '$2y$12$e8k0dYFDIZt2KzIghNaNYO8Ccrlfl62c1oN.CSstxYg40LTRUlZDe', 'SinhVien', NULL),
('2001223056', '$2y$12$zzlv0Rc1AcRfMNXOtCPmyObx8GVEF5CrAB/Y2AZuaqoSEHyi0zuvG', 'SinhVien', NULL),
('2001223057', '$2y$12$eK4dwlmAFgwLlSBAiSq/4Odpx0LcHNZeISFNyzGrUK4MiuI7OP6FO', 'SinhVien', NULL),
('2001223058', '$2y$12$.vEe4SFwOb4fE4JYXfRufONNg2pkcMPQGopoFlPdtX80017GT8Gzi', 'SinhVien', NULL),
('2001223059', '$2y$12$rOtmAaazi1FeQKYajcaNkuZm7QpVR4q244po5.1e31rmBi8X45fVu', 'SinhVien', NULL),
('2001223060', '$2y$12$rUNu2NDHLF1fNJT9sU3TzuAYoXPbiteoJRufxhuJ6EkQLdEbgiWMG', 'SinhVien', NULL),
('2001223061', '$2y$12$Z/8v6zo7j8LXbw7SaheiIenp3Wg1dx.6Na4mwWeOH/PecGIh3/Im2', 'SinhVien', NULL),
('2001223062', '$2y$12$7XC0VEJPOxxTRp67ViiXKuM6Xuw23SWgAaNopKYU2yLd7ewcAiRLK', 'SinhVien', NULL),
('2001223063', '$2y$12$IASpKcPSVuXyO7ousUE91.7eTKxlAGUPvymWEzsfVkqXElfEjCOP6', 'SinhVien', NULL),
('2001223064', '$2y$12$mdHtzNzMEAGaTOUKsHD2huOjhnhJRBVMIhcUlsZeeTODFSo9qcfQe', 'SinhVien', NULL),
('2001223065', '$2y$12$/hwvCgaeopC1ERNZo4p.jeht9ESRPePy1E9r89zWfFm7ETjBha/gO', 'SinhVien', NULL),
('2001223066', '$2y$12$BFkri6xcFxUeGLmH5Eo4POMsTjoPsKX2NJw0bzSahWPmF3YDp.PZy', 'SinhVien', NULL),
('2001223067', '$2y$12$uQRpkIuzSsY7jFq8UBvXzewyb5bLekGpwmR1gAFHvZsx4GzH82nPe', 'SinhVien', NULL),
('2001223068', '$2y$12$rGE.kMI.O5l429/DwWj9K.M6Ddga1lqqNvHwsrBAqSO1A2Jv7zn7C', 'SinhVien', NULL),
('2001223069', '$2y$12$bRB376n.FEE6gsW2E8EqGObR6R/fqF23zqC10SH.CD4139jXxNtOK', 'SinhVien', NULL),
('2001223070', '$2y$12$uMe03AFV6GrdqE/j6uFCK.MGXbxyLHTK5LbbMZ35hsX09ebvVbUQS', 'SinhVien', NULL),
('2001223071', '$2y$12$7HpQWhQK6/Ry4S1dxf9n7eWk72WR.m9IiqpvtP.XBWO3h/Um15SPm', 'SinhVien', NULL),
('2001223072', '$2y$12$gGY2X2WjqkLFd9r5wPelu.hiLaYOzCT1AmOzzffXix6goMCL1TbZe', 'SinhVien', NULL),
('2001223073', '$2y$12$99ePBzFDeCos2LAPxAeiD..x/XJkkVdr2/MAjTt7/ZeBWhNxPcMQC', 'SinhVien', NULL),
('2001223074', '$2y$12$Eewjl2kuZVJWWvkY9VLZ3.KdDF.4hZIn1uPHr5dQBdvAF3wN.4R62', 'SinhVien', NULL),
('2001223075', '$2y$12$RaijD56L.CvYO3rMAOcEyusJghIsGA5/zHZ/7XPFAGZSHrmzGvz0y', 'SinhVien', NULL),
('2001223076', '$2y$12$M5FU7dK.EGxdtMN7L79YO.ECZkIBT5WKYYVKAjw4nGnll8ZfVOs5a', 'SinhVien', NULL),
('2001223077', '$2y$12$1VFKKLrYEPnIJBHucL28xuQONY5Ge73kmD8pWxhZI5bNiMtmQUoV6', 'SinhVien', NULL),
('2001223078', '$2y$12$HbYqMEYHDvtsfga8mxhs3OItLlUZe6P1xfxeakzJZxBuy3VUQzr.q', 'SinhVien', NULL),
('2001223079', '$2y$12$Bg/dASr7Gefu.kwdZ1pDCeUkF82pzjro0j2g73Z3SBEg05zVr/NJy', 'SinhVien', NULL),
('2001223080', '$2y$12$MosT8juGxOIPi2Ss9LU3k.Zg8HYMKk3boUJ8hq0ummKLf7cNjFO9W', 'SinhVien', NULL),
('2001223081', '$2y$12$kCjgbh21RxJCKLukBcx7Ou4XparZ8QPtQwiFqVF1QvnMIvq50ec6.', 'SinhVien', NULL),
('2001223082', '$2y$12$yj3/2.k.F5sAZGyTyRXpAeIUYHawoHvAhRk3EKJ6mgEKA7gtTTgX2', 'SinhVien', NULL),
('2001223083', '$2y$12$lwmtPk4JPYt.vLM9WFcvsewGQIPLX5u2ajcsLLQxDsGDTdCRVA6J2', 'SinhVien', NULL),
('2001223084', '$2y$12$fITaKqGeIAktZctp0jRwOujcPVZVsusN2RNfsKKfcY7KHaJYvJ4ay', 'SinhVien', NULL),
('2001223085', '$2y$12$vljBpV8RRzD.k1hGmoimzegyCmb/ZT7bi6Ws/ZIYPBtI706q5jqbG', 'SinhVien', NULL),
('2001223086', '$2y$12$xs7KvKdtWozhRSiHhyicruzRL0WRWbJ1hVft7SC.RR97SCu0qxKRC', 'SinhVien', NULL),
('2001223087', '$2y$12$leF8.jYVgLc74h7Q278PNeUwJ3mJ9rbirI2t.sgK.wue7QpERsUFy', 'SinhVien', NULL),
('2001223088', '$2y$12$QU6jSSuhlkje01rw2f2yW.bt4jmee5HcHSFmH2DuEfOmNKg9pBKym', 'SinhVien', NULL),
('2001223089', '$2y$12$6c6N149Ei3TxZ9EgK/O/ZunLOEWlhs78dmX94.OqDABna52F67AS.', 'SinhVien', NULL),
('2001223090', '$2y$12$FoqSh6FxsQ5OqgcwymCPd.g9bhSNiwvawyteYek2xXOf6Q56UL9ka', 'SinhVien', NULL),
('2001223091', '$2y$12$6xZIt9APP587EkfaK.3rsOk.CYfzU93goz0.J1l.9TRB5C6KwUd.2', 'SinhVien', NULL),
('2001223092', '$2y$12$La9VpQt3967oW6OgC2/V2O9VGN3efc6rYn6w762Ywwo4RxeDoX9Y2', 'SinhVien', NULL),
('2001223093', '$2y$12$dFYJ.0jNnllM8qi6CpqrDukf3qJlQalKi7sHSm1LTFWXHbIIM88Uu', 'SinhVien', NULL),
('2001223094', '$2y$12$55UOJ/YGx9OPdz/7Q65lYumTkmvr34zV1saI3.0cWCznJhjhnUHjK', 'SinhVien', NULL),
('2001223095', '$2y$12$eFY2J6M5qdA2DK8JrgxJoeiJ7c3mhLPzfQqqFPLwAvu0lWyywNsdq', 'SinhVien', NULL),
('2001223096', '$2y$12$vnYYnBRTB7msSHZWt4U73.AJqtt.xwB9668RKpuWfaZfm0umq.oFS', 'SinhVien', NULL),
('2001223097', '$2y$12$1hW53/Px1tTeOqxLot5NBOiXrjUsuoRys8mDbuWZjPuEQ5K3tJnli', 'SinhVien', NULL),
('2001223098', '$2y$12$ZRMlSHNtAKEnWHQ2U8Nm9uuB/gTzn/sbBnR6ATArmvNLl8kWExyaC', 'SinhVien', NULL),
('2001223099', '$2y$12$1sZ5EO8quY9Ms2dG0V9xBu0M8fuCP3nwiFvR5gMAaLEW/vGk0BLpC', 'SinhVien', NULL),
('2001223100', '$2y$12$5Dj0ECpbQV9gDC5Wr7MeweBkVpamZ3/392IOwWKr10yv.qT3nqcau', 'SinhVien', NULL),
('ADMIN', '$2y$12$orQVEVrpJkh9NBAwCh7JOu8EMbAITYE28hPuPyw4K07rTLZDOHa46', 'Admin', NULL),
('GV001', '$2y$12$8cMhJoPjm8F28RjDfoDAu.vNLPWQT8Q6dtGtCxpy2xekXjrsIx17i', 'GiangVien', NULL),
('GV002', '$2y$12$.pjaADIgvme697kyTibp2uhuknII3hHxiCvzaiqKzq.c.YGOH8wWK', 'GiangVien', NULL),
('GV003', '$2y$12$bnbFZQo5qd6uKbUFM473o.yZjFwtgkLgdmmPdD0zTSj0wOrfNl.km', 'GiangVien', NULL),
('GV004', '$2y$12$VDRtnGaoEd30Ql7wvMxDSuIbudikaloS7prLCa7tUGDpMPCDtL9v6', 'GiangVien', NULL),
('GV005', '$2y$12$kMn98Dn3HDAgMEOqGJzINOXhDnLIf7rrkvcImgSbd2K/ejyuFS5wC', 'GiangVien', NULL),
('GV006', '$2y$12$0OjQZy6eU5koCk5Oh5iMjuBeUq2gMSB2bLON84e2M7UjpBU2ze//2', 'GiangVien', NULL),
('NV001', '$2y$12$HnNmg92HBmi.0dAWlRPC.OR/106QKMWjvxVFD3Lh/GXIjwcTKSlMK', 'NhanVien', NULL),
('NV002', '$2y$12$FVkEFZyxZ8UqP6jYL2HYhOQP4.X9xCwfbkIsVt366pshVZQ4/zjEm', 'NhanVien', NULL),
('NV003', '$2y$12$YC/9R3I71zRWtE49EUxOveDKksiakJi0AjDo2cK0rZyTMbEsEuRd2', 'NhanVien', NULL),
('NV004', '$2y$12$UoQfh73zQ4x6is.sSDpvr.JYZoXceN7HJMZT62y7zedf.DFO6F5py', 'NhanVien', NULL),
('NV005', '$2y$12$8k4uthmT17XRpyaoHiULJ.RSxqvvkxyP2rlNieVkTlxuVxZNaY9/q', 'NhanVien', NULL),
('NV006', '$2y$12$H9OiX5hvBuEZxZFYkgMKreq6o90khbDGmnyri7GOC65wyjf8l5CoC', 'NhanVien', NULL);

-- --------------------------------------------------------

--
-- Table structure for table `thanh_toan`
--

CREATE TABLE `thanh_toan` (
  `id` bigint(20) UNSIGNED NOT NULL,
  `MSSV` varchar(10) NOT NULL,
  `TongTien` decimal(10,0) NOT NULL,
  `TrangThai` varchar(255) NOT NULL DEFAULT 'Chờ thanh toán',
  `PhuongThuc` varchar(255) DEFAULT NULL,
  `MaGiaoDich` varchar(255) DEFAULT NULL,
  `NgayThanhToan` timestamp NULL DEFAULT NULL,
  `created_at` timestamp NULL DEFAULT NULL,
  `updated_at` timestamp NULL DEFAULT NULL
) ENGINE=InnoDB DEFAULT CHARSET=utf8mb4 COLLATE=utf8mb4_unicode_ci;

--
-- Dumping data for table `thanh_toan`
--

INSERT INTO `thanh_toan` (`id`, `MSSV`, `TongTien`, `TrangThai`, `PhuongThuc`, `MaGiaoDich`, `NgayThanhToan`, `created_at`, `updated_at`) VALUES
(1, '2001223003', 255000, 'Chờ thanh toán', 'TienMat', NULL, NULL, '2025-12-01 10:19:32', '2025-12-01 10:19:36'),
(2, '2001223003', 255000, 'Chờ thanh toán', 'Online', NULL, NULL, '2025-12-01 10:19:48', '2025-12-01 10:19:49'),
(3, '2001223015', 255000, 'Chờ thanh toán', 'Online', NULL, NULL, '2025-12-01 17:06:39', '2025-12-01 17:07:10');

-- --------------------------------------------------------

--
-- Table structure for table `thongbao`
--

CREATE TABLE `thongbao` (
  `MaThongBao` bigint(20) UNSIGNED NOT NULL,
  `TieuDe` varchar(255) NOT NULL,
  `NoiDung` text NOT NULL,
  `MaNguoiTao` varchar(255) NOT NULL,
  `LoaiThongBao` enum('Chung','DRL','CTXH') NOT NULL DEFAULT 'Chung',
  `created_at` timestamp NULL DEFAULT NULL,
  `updated_at` timestamp NULL DEFAULT NULL
) ENGINE=InnoDB DEFAULT CHARSET=utf8mb4 COLLATE=utf8mb4_unicode_ci;

-- --------------------------------------------------------

--
-- Table structure for table `users`
--

CREATE TABLE `users` (
  `id` bigint(20) UNSIGNED NOT NULL,
  `name` varchar(255) NOT NULL,
  `email` varchar(255) NOT NULL,
  `email_verified_at` timestamp NULL DEFAULT NULL,
  `password` varchar(255) NOT NULL,
  `remember_token` varchar(100) DEFAULT NULL,
  `created_at` timestamp NULL DEFAULT NULL,
  `updated_at` timestamp NULL DEFAULT NULL
) ENGINE=InnoDB DEFAULT CHARSET=utf8mb4 COLLATE=utf8mb4_unicode_ci;

--
-- Dumping data for table `users`
--

INSERT INTO `users` (`id`, `name`, `email`, `email_verified_at`, `password`, `remember_token`, `created_at`, `updated_at`) VALUES
(1, 'Sinh Viên 2001223103', '2001223103@hust.edu.vn', NULL, '$2y$12$9EApHNEKAgncCX4bzd8IEewFLfZk9qeLSlgvpHGEwOsvQ1Abt/Nk6', NULL, '2025-11-20 12:58:38', '2025-11-20 12:58:38');

-- --------------------------------------------------------

--
-- Table structure for table `validation_reports`
--

CREATE TABLE `validation_reports` (
  `id` bigint(20) UNSIGNED NOT NULL,
  `validation_date` timestamp NOT NULL DEFAULT current_timestamp(),
  `silhouette_score` decimal(5,4) DEFAULT NULL,
  `davies_bouldin_index` decimal(5,4) DEFAULT NULL,
  `calinski_harabasz_index` decimal(8,2) DEFAULT NULL,
  `cluster_balance` decimal(5,4) DEFAULT NULL,
  `internal_quality_score` decimal(5,4) DEFAULT NULL,
  `interest_cohesion` decimal(5,4) DEFAULT NULL,
  `activity_behavior_cohesion` decimal(5,4) DEFAULT NULL,
  `performance_cohesion` decimal(5,4) DEFAULT NULL,
  `external_relevance_score` decimal(5,4) DEFAULT NULL,
  `adjusted_rand_index` decimal(5,4) DEFAULT NULL,
  `consistency_rate` decimal(5,4) DEFAULT NULL,
  `stability_score` decimal(5,4) DEFAULT NULL,
  `coverage` decimal(5,4) DEFAULT NULL,
  `relevance_score` decimal(8,4) NOT NULL,
  `click_through_rate` decimal(5,4) DEFAULT NULL,
  `recommendation_quality_score` decimal(5,4) DEFAULT NULL,
  `overall_score` decimal(5,4) DEFAULT NULL,
  `interpretation` varchar(255) DEFAULT NULL,
  `business_metrics` longtext CHARACTER SET utf8mb4 COLLATE utf8mb4_bin DEFAULT NULL CHECK (json_valid(`business_metrics`)),
  `notes` text DEFAULT NULL,
  `created_at` timestamp NULL DEFAULT NULL,
  `updated_at` timestamp NULL DEFAULT NULL
) ENGINE=InnoDB DEFAULT CHARSET=utf8mb4 COLLATE=utf8mb4_unicode_ci;

--
-- Dumping data for table `validation_reports`
--

INSERT INTO `validation_reports` (`id`, `validation_date`, `silhouette_score`, `davies_bouldin_index`, `calinski_harabasz_index`, `cluster_balance`, `internal_quality_score`, `interest_cohesion`, `activity_behavior_cohesion`, `performance_cohesion`, `external_relevance_score`, `adjusted_rand_index`, `consistency_rate`, `stability_score`, `coverage`, `relevance_score`, `click_through_rate`, `recommendation_quality_score`, `overall_score`, `interpretation`, `business_metrics`, `notes`, `created_at`, `updated_at`) VALUES
(1, '2025-11-22 09:41:02', 0.1133, 1.5989, 3.30, 0.5262, NULL, 0.5743, 0.9795, 0.9901, NULL, 0.2660, 0.6330, NULL, 1.0000, 60.3627, 0.0000, NULL, 0.5000, 'Trung bình - Cần cải thiện một số khía cạnh', '{\"cluster_size_distribution\":{\"cluster_sizes\":[6,3,3,9],\"min_size\":3,\"max_size\":9,\"avg_size\":5.25,\"balance_score\":0.5261964585206571},\"recommendation_acceptance_rate\":{\"total_recommendations\":193,\"accepted_count\":0,\"acceptance_rate\":0,\"interpretation\":\"Y\\u1ebfu\"},\"student_diversity_per_cluster\":{\"0\":{\"faculties\":1,\"diversity_score\":0.5,\"student_count\":6},\"1\":{\"faculties\":1,\"diversity_score\":0.5,\"student_count\":3},\"3\":{\"faculties\":1,\"diversity_score\":0.5,\"student_count\":9},\"2\":{\"faculties\":1,\"diversity_score\":0.5,\"student_count\":3}},\"cold_start_handling\":{\"new_students_count\":1,\"recommended_new_students\":1,\"coverage_rate\":1,\"interpretation\":\"Xu\\u1ea5t s\\u1eafc\"},\"recommendation_freshness\":{\"total_recommendations\":193,\"fresh_recommendations\":7,\"freshness_rate\":0.0363,\"interpretation\":\"Y\\u1ebfu\"}}', NULL, '2025-11-22 09:41:02', '2025-11-22 09:41:02'),
(2, '2025-11-22 09:45:28', 0.1133, 1.5989, 3.30, 0.5262, NULL, 0.5743, 0.9795, 0.9901, NULL, 0.1318, 0.5659, NULL, 1.0000, 60.3627, 0.0000, NULL, 0.4800, 'Trung bình - Cần cải thiện một số khía cạnh', '{\"cluster_size_distribution\":{\"cluster_sizes\":[6,3,3,9],\"min_size\":3,\"max_size\":9,\"avg_size\":5.25,\"balance_score\":0.5261964585206571},\"recommendation_acceptance_rate\":{\"total_recommendations\":193,\"accepted_count\":0,\"acceptance_rate\":0,\"interpretation\":\"Y\\u1ebfu\"},\"student_diversity_per_cluster\":{\"0\":{\"faculties\":1,\"diversity_score\":0.5,\"student_count\":6},\"1\":{\"faculties\":1,\"diversity_score\":0.5,\"student_count\":3},\"3\":{\"faculties\":1,\"diversity_score\":0.5,\"student_count\":9},\"2\":{\"faculties\":1,\"diversity_score\":0.5,\"student_count\":3}},\"cold_start_handling\":{\"new_students_count\":1,\"recommended_new_students\":1,\"coverage_rate\":1,\"interpretation\":\"Xu\\u1ea5t s\\u1eafc\"},\"recommendation_freshness\":{\"total_recommendations\":193,\"fresh_recommendations\":7,\"freshness_rate\":0.0363,\"interpretation\":\"Y\\u1ebfu\"}}', NULL, '2025-11-22 09:45:28', '2025-11-22 09:45:28'),
(3, '2025-11-22 10:30:53', 0.1133, 1.5989, 3.30, 0.5262, NULL, 0.5743, 0.9795, 0.9901, NULL, 0.2141, 0.6071, NULL, 1.0000, 60.3627, 0.0000, NULL, 0.4900, 'Trung bình - Cần cải thiện một số khía cạnh', '{\"cluster_size_distribution\":{\"cluster_sizes\":[6,3,3,9],\"min_size\":3,\"max_size\":9,\"avg_size\":5.25,\"balance_score\":0.5261964585206571},\"recommendation_acceptance_rate\":{\"total_recommendations\":193,\"accepted_count\":0,\"acceptance_rate\":0,\"interpretation\":\"Y\\u1ebfu\"},\"student_diversity_per_cluster\":{\"0\":{\"faculties\":1,\"diversity_score\":0.5,\"student_count\":6},\"1\":{\"faculties\":1,\"diversity_score\":0.5,\"student_count\":3},\"3\":{\"faculties\":1,\"diversity_score\":0.5,\"student_count\":9},\"2\":{\"faculties\":1,\"diversity_score\":0.5,\"student_count\":3}},\"cold_start_handling\":{\"new_students_count\":1,\"recommended_new_students\":1,\"coverage_rate\":1,\"interpretation\":\"Xu\\u1ea5t s\\u1eafc\"},\"recommendation_freshness\":{\"total_recommendations\":193,\"fresh_recommendations\":7,\"freshness_rate\":0.0363,\"interpretation\":\"Y\\u1ebfu\"}}', NULL, '2025-11-22 10:30:53', '2025-11-22 10:30:53');

--
-- Indexes for dumped tables
--

--
-- Indexes for table `activity_recommendations`
--
ALTER TABLE `activity_recommendations`
  ADD PRIMARY KEY (`id`),
  ADD KEY `activity_recommendations_mssv_priority_index` (`MSSV`,`priority`);

--
-- Indexes for table `activity_topic_tags`
--
ALTER TABLE `activity_topic_tags`
  ADD PRIMARY KEY (`ActivityTagID`),
  ADD UNIQUE KEY `activity_topic_tags_mahoatdong_interestid_unique` (`MaHoatDong`,`InterestID`),
  ADD KEY `activity_topic_tags_interestid_foreign` (`InterestID`);

--
-- Indexes for table `cache`
--
ALTER TABLE `cache`
  ADD PRIMARY KEY (`key`);

--
-- Indexes for table `cache_locks`
--
ALTER TABLE `cache_locks`
  ADD PRIMARY KEY (`key`);

--
-- Indexes for table `chucvusinhvien`
--
ALTER TABLE `chucvusinhvien`
  ADD PRIMARY KEY (`MaChucVu`),
  ADD KEY `idx_cv_sv` (`MSSV`),
  ADD KEY `idx_cv_lop` (`MaLop`),
  ADD KEY `idx_cv_hk` (`MaHocKy`);

--
-- Indexes for table `clustering_history`
--
ALTER TABLE `clustering_history`
  ADD PRIMARY KEY (`id`);

--
-- Indexes for table `cluster_statistics`
--
ALTER TABLE `cluster_statistics`
  ADD PRIMARY KEY (`ClusterStatID`),
  ADD UNIQUE KEY `cluster_statistics_clusterid_unique` (`ClusterID`);

--
-- Indexes for table `covanht`
--
ALTER TABLE `covanht`
  ADD PRIMARY KEY (`MaLop`,`MaGiangVien`),
  ADD KEY `idx_cvht_lop` (`MaLop`),
  ADD KEY `idx_cvht_gv` (`MaGiangVien`);

--
-- Indexes for table `dangkyhoatdongctxh`
--
ALTER TABLE `dangkyhoatdongctxh`
  ADD PRIMARY KEY (`MaDangKy`),
  ADD KEY `idx_dkctxh_sv` (`MSSV`),
  ADD KEY `idx_dkctxh_hd` (`MaHoatDong`),
  ADD KEY `dangkyhoatdongctxh_thanh_toan_id_foreign` (`thanh_toan_id`);

--
-- Indexes for table `dangkyhoatdongdrl`
--
ALTER TABLE `dangkyhoatdongdrl`
  ADD PRIMARY KEY (`MaDangKy`),
  ADD KEY `idx_dkdrl_sv` (`MSSV`),
  ADD KEY `idx_dkdrl_hd` (`MaHoatDong`);

--
-- Indexes for table `diadiemdiachido`
--
ALTER TABLE `diadiemdiachido`
  ADD PRIMARY KEY (`id`);

--
-- Indexes for table `diemctxh`
--
ALTER TABLE `diemctxh`
  ADD PRIMARY KEY (`MSSV`);

--
-- Indexes for table `diemrenluyen`
--
ALTER TABLE `diemrenluyen`
  ADD PRIMARY KEY (`MaDiemRenLuyen`),
  ADD KEY `idx_drl_sv` (`MSSV`),
  ADD KEY `idx_drl_hk` (`MaHocKy`);

--
-- Indexes for table `dieuchinhdrl`
--
ALTER TABLE `dieuchinhdrl`
  ADD PRIMARY KEY (`MaDieuChinh`),
  ADD KEY `dieuchinhdrl_mssv_foreign` (`MSSV`),
  ADD KEY `dieuchinhdrl_mahocky_foreign` (`MaHocKy`),
  ADD KEY `dieuchinhdrl_manv_foreign` (`MaNV`),
  ADD KEY `dieuchinhdrl_madiem_foreign` (`MaDiem`);

--
-- Indexes for table `dot_dia_chi_do`
--
ALTER TABLE `dot_dia_chi_do`
  ADD PRIMARY KEY (`id`);

--
-- Indexes for table `failed_jobs`
--
ALTER TABLE `failed_jobs`
  ADD PRIMARY KEY (`id`),
  ADD UNIQUE KEY `failed_jobs_uuid_unique` (`uuid`);

--
-- Indexes for table `feature_vector_logs`
--
ALTER TABLE `feature_vector_logs`
  ADD PRIMARY KEY (`id`),
  ADD KEY `feature_vector_logs_mssv_foreign` (`MSSV`);

--
-- Indexes for table `giangvien`
--
ALTER TABLE `giangvien`
  ADD PRIMARY KEY (`MaGV`);

--
-- Indexes for table `hoatdongctxh`
--
ALTER TABLE `hoatdongctxh`
  ADD PRIMARY KEY (`MaHoatDong`),
  ADD KEY `hoatdongctxh_dot_id_foreign` (`dot_id`),
  ADD KEY `hoatdongctxh_diadiem_id_foreign` (`diadiem_id`),
  ADD KEY `idx_ctxh_quydinh` (`MaQuyDinhDiem`);

--
-- Indexes for table `hoatdongdrl`
--
ALTER TABLE `hoatdongdrl`
  ADD PRIMARY KEY (`MaHoatDong`),
  ADD KEY `idx_drl_gv` (`MaGV`),
  ADD KEY `idx_drl_hk` (`MaHocKy`),
  ADD KEY `idx_drl_quydinh` (`MaQuyDinhDiem`);

--
-- Indexes for table `hocky`
--
ALTER TABLE `hocky`
  ADD PRIMARY KEY (`MaHocKy`),
  ADD KEY `idx_hk_nh` (`MaNamHoc`),
  ADD KEY `idx_hk_mahocky` (`MaHocKy`);

--
-- Indexes for table `interests`
--
ALTER TABLE `interests`
  ADD PRIMARY KEY (`InterestID`),
  ADD UNIQUE KEY `InterestName` (`InterestName`);

--
-- Indexes for table `jobs`
--
ALTER TABLE `jobs`
  ADD PRIMARY KEY (`id`),
  ADD KEY `jobs_queue_index` (`queue`);

--
-- Indexes for table `job_batches`
--
ALTER TABLE `job_batches`
  ADD PRIMARY KEY (`id`);

--
-- Indexes for table `khoa`
--
ALTER TABLE `khoa`
  ADD PRIMARY KEY (`MaKhoa`);

--
-- Indexes for table `lop`
--
ALTER TABLE `lop`
  ADD PRIMARY KEY (`MaLop`),
  ADD KEY `idx_lop_khoa` (`MaKhoa`);

--
-- Indexes for table `migrations`
--
ALTER TABLE `migrations`
  ADD PRIMARY KEY (`id`);

--
-- Indexes for table `namhoc`
--
ALTER TABLE `namhoc`
  ADD PRIMARY KEY (`MaNamHoc`);

--
-- Indexes for table `nhanvien`
--
ALTER TABLE `nhanvien`
  ADD PRIMARY KEY (`MaNV`);

--
-- Indexes for table `password_reset_tokens`
--
ALTER TABLE `password_reset_tokens`
  ADD PRIMARY KEY (`email`);

--
-- Indexes for table `personal_access_tokens`
--
ALTER TABLE `personal_access_tokens`
  ADD PRIMARY KEY (`id`),
  ADD UNIQUE KEY `personal_access_tokens_token_unique` (`token`),
  ADD KEY `personal_access_tokens_tokenable_type_tokenable_id_index` (`tokenable_type`,`tokenable_id`),
  ADD KEY `personal_access_tokens_expires_at_index` (`expires_at`);

--
-- Indexes for table `phanhoisinhvien`
--
ALTER TABLE `phanhoisinhvien`
  ADD PRIMARY KEY (`MaPhanHoi`),
  ADD KEY `idx_ph_sv` (`MSSV`);

--
-- Indexes for table `phan_bo_so_luong`
--
ALTER TABLE `phan_bo_so_luong`
  ADD PRIMARY KEY (`id`),
  ADD KEY `idx_pb_hd` (`MaHoatDong`),
  ADD KEY `idx_pb_khoa` (`MaKhoa`);

--
-- Indexes for table `quydinhdiemctxh`
--
ALTER TABLE `quydinhdiemctxh`
  ADD PRIMARY KEY (`MaDiem`);

--
-- Indexes for table `quydinhdiemrl`
--
ALTER TABLE `quydinhdiemrl`
  ADD PRIMARY KEY (`MaDiem`),
  ADD KEY `idx_qd_madiem` (`MaDiem`);

--
-- Indexes for table `recommendation_logs`
--
ALTER TABLE `recommendation_logs`
  ADD PRIMARY KEY (`id`),
  ADD KEY `recommendation_logs_mssv_foreign` (`MSSV`);

--
-- Indexes for table `sessions`
--
ALTER TABLE `sessions`
  ADD PRIMARY KEY (`id`),
  ADD KEY `sessions_user_id_index` (`user_id`),
  ADD KEY `sessions_last_activity_index` (`last_activity`);

--
-- Indexes for table `sinhvien`
--
ALTER TABLE `sinhvien`
  ADD PRIMARY KEY (`MSSV`),
  ADD KEY `idx_sv_lop` (`MaLop`);

--
-- Indexes for table `student_clusters`
--
ALTER TABLE `student_clusters`
  ADD PRIMARY KEY (`ClusterAssignmentID`),
  ADD KEY `student_clusters_clusterid_index` (`ClusterID`),
  ADD KEY `student_clusters_mssv_index` (`MSSV`);

--
-- Indexes for table `student_interests`
--
ALTER TABLE `student_interests`
  ADD PRIMARY KEY (`StudentInterestID`),
  ADD UNIQUE KEY `student_interests_mssv_interestid_unique` (`MSSV`,`InterestID`),
  ADD KEY `student_interests_interestid_foreign` (`InterestID`);

--
-- Indexes for table `taikhoan`
--
ALTER TABLE `taikhoan`
  ADD PRIMARY KEY (`TenDangNhap`);

--
-- Indexes for table `thanh_toan`
--
ALTER TABLE `thanh_toan`
  ADD PRIMARY KEY (`id`),
  ADD KEY `thanh_toan_mssv_foreign` (`MSSV`);

--
-- Indexes for table `thongbao`
--
ALTER TABLE `thongbao`
  ADD PRIMARY KEY (`MaThongBao`);

--
-- Indexes for table `users`
--
ALTER TABLE `users`
  ADD PRIMARY KEY (`id`),
  ADD UNIQUE KEY `users_email_unique` (`email`);

--
-- Indexes for table `validation_reports`
--
ALTER TABLE `validation_reports`
  ADD PRIMARY KEY (`id`);

--
-- AUTO_INCREMENT for dumped tables
--

--
-- AUTO_INCREMENT for table `activity_recommendations`
--
ALTER TABLE `activity_recommendations`
  MODIFY `id` bigint(20) UNSIGNED NOT NULL AUTO_INCREMENT, AUTO_INCREMENT=690;

--
-- AUTO_INCREMENT for table `activity_topic_tags`
--
ALTER TABLE `activity_topic_tags`
  MODIFY `ActivityTagID` bigint(20) UNSIGNED NOT NULL AUTO_INCREMENT;

--
-- AUTO_INCREMENT for table `chucvusinhvien`
--
ALTER TABLE `chucvusinhvien`
  MODIFY `MaChucVu` int(11) NOT NULL AUTO_INCREMENT;

--
-- AUTO_INCREMENT for table `clustering_history`
--
ALTER TABLE `clustering_history`
  MODIFY `id` bigint(20) UNSIGNED NOT NULL AUTO_INCREMENT;

--
-- AUTO_INCREMENT for table `cluster_statistics`
--
ALTER TABLE `cluster_statistics`
  MODIFY `ClusterStatID` bigint(20) UNSIGNED NOT NULL AUTO_INCREMENT, AUTO_INCREMENT=5;

--
-- AUTO_INCREMENT for table `dangkyhoatdongctxh`
--
ALTER TABLE `dangkyhoatdongctxh`
  MODIFY `MaDangKy` int(11) NOT NULL AUTO_INCREMENT, AUTO_INCREMENT=1480;

--
-- AUTO_INCREMENT for table `dangkyhoatdongdrl`
--
ALTER TABLE `dangkyhoatdongdrl`
  MODIFY `MaDangKy` int(11) NOT NULL AUTO_INCREMENT, AUTO_INCREMENT=1534;

--
-- AUTO_INCREMENT for table `diadiemdiachido`
--
ALTER TABLE `diadiemdiachido`
  MODIFY `id` bigint(20) UNSIGNED NOT NULL AUTO_INCREMENT, AUTO_INCREMENT=8;

--
-- AUTO_INCREMENT for table `diemrenluyen`
--
ALTER TABLE `diemrenluyen`
  MODIFY `MaDiemRenLuyen` int(11) NOT NULL AUTO_INCREMENT, AUTO_INCREMENT=51;

--
-- AUTO_INCREMENT for table `dieuchinhdrl`
--
ALTER TABLE `dieuchinhdrl`
  MODIFY `MaDieuChinh` bigint(20) UNSIGNED NOT NULL AUTO_INCREMENT, AUTO_INCREMENT=3;

--
-- AUTO_INCREMENT for table `dot_dia_chi_do`
--
ALTER TABLE `dot_dia_chi_do`
  MODIFY `id` bigint(20) UNSIGNED NOT NULL AUTO_INCREMENT, AUTO_INCREMENT=5;

--
-- AUTO_INCREMENT for table `failed_jobs`
--
ALTER TABLE `failed_jobs`
  MODIFY `id` bigint(20) UNSIGNED NOT NULL AUTO_INCREMENT;

--
-- AUTO_INCREMENT for table `feature_vector_logs`
--
ALTER TABLE `feature_vector_logs`
  MODIFY `id` bigint(20) UNSIGNED NOT NULL AUTO_INCREMENT;

--
-- AUTO_INCREMENT for table `interests`
--
ALTER TABLE `interests`
  MODIFY `InterestID` bigint(20) UNSIGNED NOT NULL AUTO_INCREMENT, AUTO_INCREMENT=11;

--
-- AUTO_INCREMENT for table `jobs`
--
ALTER TABLE `jobs`
  MODIFY `id` bigint(20) UNSIGNED NOT NULL AUTO_INCREMENT;

--
-- AUTO_INCREMENT for table `migrations`
--
ALTER TABLE `migrations`
  MODIFY `id` int(10) UNSIGNED NOT NULL AUTO_INCREMENT, AUTO_INCREMENT=68;

--
-- AUTO_INCREMENT for table `namhoc`
--
ALTER TABLE `namhoc`
  MODIFY `MaNamHoc` int(11) NOT NULL AUTO_INCREMENT, AUTO_INCREMENT=4;

--
-- AUTO_INCREMENT for table `personal_access_tokens`
--
ALTER TABLE `personal_access_tokens`
  MODIFY `id` bigint(20) UNSIGNED NOT NULL AUTO_INCREMENT, AUTO_INCREMENT=5;

--
-- AUTO_INCREMENT for table `phanhoisinhvien`
--
ALTER TABLE `phanhoisinhvien`
  MODIFY `MaPhanHoi` int(11) NOT NULL AUTO_INCREMENT, AUTO_INCREMENT=1764582871;

--
-- AUTO_INCREMENT for table `phan_bo_so_luong`
--
ALTER TABLE `phan_bo_so_luong`
  MODIFY `id` bigint(20) UNSIGNED NOT NULL AUTO_INCREMENT, AUTO_INCREMENT=8;

--
-- AUTO_INCREMENT for table `recommendation_logs`
--
ALTER TABLE `recommendation_logs`
  MODIFY `id` bigint(20) UNSIGNED NOT NULL AUTO_INCREMENT;

--
-- AUTO_INCREMENT for table `student_clusters`
--
ALTER TABLE `student_clusters`
  MODIFY `ClusterAssignmentID` bigint(20) UNSIGNED NOT NULL AUTO_INCREMENT, AUTO_INCREMENT=101;

--
-- AUTO_INCREMENT for table `student_interests`
--
ALTER TABLE `student_interests`
  MODIFY `StudentInterestID` bigint(20) UNSIGNED NOT NULL AUTO_INCREMENT, AUTO_INCREMENT=193;

--
-- AUTO_INCREMENT for table `thanh_toan`
--
ALTER TABLE `thanh_toan`
  MODIFY `id` bigint(20) UNSIGNED NOT NULL AUTO_INCREMENT, AUTO_INCREMENT=4;

--
-- AUTO_INCREMENT for table `thongbao`
--
ALTER TABLE `thongbao`
  MODIFY `MaThongBao` bigint(20) UNSIGNED NOT NULL AUTO_INCREMENT;

--
-- AUTO_INCREMENT for table `users`
--
ALTER TABLE `users`
  MODIFY `id` bigint(20) UNSIGNED NOT NULL AUTO_INCREMENT, AUTO_INCREMENT=2;

--
-- AUTO_INCREMENT for table `validation_reports`
--
ALTER TABLE `validation_reports`
  MODIFY `id` bigint(20) UNSIGNED NOT NULL AUTO_INCREMENT, AUTO_INCREMENT=4;

--
-- Constraints for dumped tables
--

--
-- Constraints for table `activity_recommendations`
--
ALTER TABLE `activity_recommendations`
  ADD CONSTRAINT `activity_recommendations_mssv_foreign` FOREIGN KEY (`MSSV`) REFERENCES `sinhvien` (`MSSV`) ON DELETE CASCADE;

--
-- Constraints for table `activity_topic_tags`
--
ALTER TABLE `activity_topic_tags`
  ADD CONSTRAINT `activity_topic_tags_interestid_foreign` FOREIGN KEY (`InterestID`) REFERENCES `interests` (`InterestID`) ON DELETE CASCADE,
  ADD CONSTRAINT `activity_topic_tags_mahoatdong_foreign` FOREIGN KEY (`MaHoatDong`) REFERENCES `hoatdongdrl` (`MaHoatDong`) ON DELETE CASCADE;

--
-- Constraints for table `chucvusinhvien`
--
ALTER TABLE `chucvusinhvien`
  ADD CONSTRAINT `fk_chucvu_hocky` FOREIGN KEY (`MaHocKy`) REFERENCES `hocky` (`MaHocKy`),
  ADD CONSTRAINT `fk_chucvu_lop` FOREIGN KEY (`MaLop`) REFERENCES `lop` (`MaLop`),
  ADD CONSTRAINT `fk_chucvu_sv` FOREIGN KEY (`MSSV`) REFERENCES `sinhvien` (`MSSV`);

--
-- Constraints for table `covanht`
--
ALTER TABLE `covanht`
  ADD CONSTRAINT `fk_covan_gv` FOREIGN KEY (`MaGiangVien`) REFERENCES `giangvien` (`MaGV`),
  ADD CONSTRAINT `fk_covan_lop` FOREIGN KEY (`MaLop`) REFERENCES `lop` (`MaLop`);

--
-- Constraints for table `dangkyhoatdongctxh`
--
ALTER TABLE `dangkyhoatdongctxh`
  ADD CONSTRAINT `dangkyhoatdongctxh_thanh_toan_id_foreign` FOREIGN KEY (`thanh_toan_id`) REFERENCES `thanh_toan` (`id`) ON DELETE SET NULL,
  ADD CONSTRAINT `fk_dangky_ctxh_hd` FOREIGN KEY (`MaHoatDong`) REFERENCES `hoatdongctxh` (`MaHoatDong`),
  ADD CONSTRAINT `fk_dangky_ctxh_sv` FOREIGN KEY (`MSSV`) REFERENCES `sinhvien` (`MSSV`);

--
-- Constraints for table `dangkyhoatdongdrl`
--
ALTER TABLE `dangkyhoatdongdrl`
  ADD CONSTRAINT `fk_dangky_drl_hd` FOREIGN KEY (`MaHoatDong`) REFERENCES `hoatdongdrl` (`MaHoatDong`),
  ADD CONSTRAINT `fk_dangky_drl_sv` FOREIGN KEY (`MSSV`) REFERENCES `sinhvien` (`MSSV`);

--
-- Constraints for table `diemctxh`
--
ALTER TABLE `diemctxh`
  ADD CONSTRAINT `fk_diemctxh_sv` FOREIGN KEY (`MSSV`) REFERENCES `sinhvien` (`MSSV`);

--
-- Constraints for table `diemrenluyen`
--
ALTER TABLE `diemrenluyen`
  ADD CONSTRAINT `fk_diemrl_hocky` FOREIGN KEY (`MaHocKy`) REFERENCES `hocky` (`MaHocKy`),
  ADD CONSTRAINT `fk_diemrl_sv` FOREIGN KEY (`MSSV`) REFERENCES `sinhvien` (`MSSV`);

--
-- Constraints for table `dieuchinhdrl`
--
ALTER TABLE `dieuchinhdrl`
  ADD CONSTRAINT `dieuchinhdrl_madiem_foreign` FOREIGN KEY (`MaDiem`) REFERENCES `quydinhdiemrl` (`MaDiem`) ON DELETE CASCADE,
  ADD CONSTRAINT `dieuchinhdrl_mahocky_foreign` FOREIGN KEY (`MaHocKy`) REFERENCES `hocky` (`MaHocKy`) ON DELETE CASCADE,
  ADD CONSTRAINT `dieuchinhdrl_manv_foreign` FOREIGN KEY (`MaNV`) REFERENCES `nhanvien` (`MaNV`) ON DELETE CASCADE,
  ADD CONSTRAINT `dieuchinhdrl_mssv_foreign` FOREIGN KEY (`MSSV`) REFERENCES `sinhvien` (`MSSV`) ON DELETE CASCADE;

--
-- Constraints for table `feature_vector_logs`
--
ALTER TABLE `feature_vector_logs`
  ADD CONSTRAINT `feature_vector_logs_mssv_foreign` FOREIGN KEY (`MSSV`) REFERENCES `sinhvien` (`MSSV`);

--
-- Constraints for table `giangvien`
--
ALTER TABLE `giangvien`
  ADD CONSTRAINT `fk_giangvien_taikhoan` FOREIGN KEY (`MaGV`) REFERENCES `taikhoan` (`TenDangNhap`);

--
-- Constraints for table `hoatdongctxh`
--
ALTER TABLE `hoatdongctxh`
  ADD CONSTRAINT `fk_hoatdongctxh_quydinh` FOREIGN KEY (`MaQuyDinhDiem`) REFERENCES `quydinhdiemctxh` (`MaDiem`),
  ADD CONSTRAINT `hoatdongctxh_diadiem_id_foreign` FOREIGN KEY (`diadiem_id`) REFERENCES `diadiemdiachido` (`id`) ON DELETE SET NULL,
  ADD CONSTRAINT `hoatdongctxh_dot_id_foreign` FOREIGN KEY (`dot_id`) REFERENCES `dot_dia_chi_do` (`id`) ON DELETE SET NULL;

--
-- Constraints for table `hoatdongdrl`
--
ALTER TABLE `hoatdongdrl`
  ADD CONSTRAINT `fk_hoatdongdrl_gv` FOREIGN KEY (`MaGV`) REFERENCES `giangvien` (`MaGV`),
  ADD CONSTRAINT `fk_hoatdongdrl_hocky` FOREIGN KEY (`MaHocKy`) REFERENCES `hocky` (`MaHocKy`),
  ADD CONSTRAINT `fk_hoatdongdrl_quydinh` FOREIGN KEY (`MaQuyDinhDiem`) REFERENCES `quydinhdiemrl` (`MaDiem`);

--
-- Constraints for table `hocky`
--
ALTER TABLE `hocky`
  ADD CONSTRAINT `fk_hocky_namhoc` FOREIGN KEY (`MaNamHoc`) REFERENCES `namhoc` (`MaNamHoc`);

--
-- Constraints for table `lop`
--
ALTER TABLE `lop`
  ADD CONSTRAINT `fk_lop_khoa` FOREIGN KEY (`MaKhoa`) REFERENCES `khoa` (`MaKhoa`);

--
-- Constraints for table `nhanvien`
--
ALTER TABLE `nhanvien`
  ADD CONSTRAINT `fk_nhanvien_taikhoan` FOREIGN KEY (`MaNV`) REFERENCES `taikhoan` (`TenDangNhap`);

--
-- Constraints for table `phanhoisinhvien`
--
ALTER TABLE `phanhoisinhvien`
  ADD CONSTRAINT `fk_phanhoi_sv` FOREIGN KEY (`MSSV`) REFERENCES `sinhvien` (`MSSV`);

--
-- Constraints for table `phan_bo_so_luong`
--
ALTER TABLE `phan_bo_so_luong`
  ADD CONSTRAINT `fk_phanbo_hd` FOREIGN KEY (`MaHoatDong`) REFERENCES `hoatdongdrl` (`MaHoatDong`),
  ADD CONSTRAINT `fk_phanbo_khoa` FOREIGN KEY (`MaKhoa`) REFERENCES `khoa` (`MaKhoa`);

--
-- Constraints for table `recommendation_logs`
--
ALTER TABLE `recommendation_logs`
  ADD CONSTRAINT `recommendation_logs_mssv_foreign` FOREIGN KEY (`MSSV`) REFERENCES `sinhvien` (`MSSV`);

--
-- Constraints for table `sinhvien`
--
ALTER TABLE `sinhvien`
  ADD CONSTRAINT `fk_sinhvien_lop` FOREIGN KEY (`MaLop`) REFERENCES `lop` (`MaLop`),
  ADD CONSTRAINT `fk_sinhvien_taikhoan` FOREIGN KEY (`MSSV`) REFERENCES `taikhoan` (`TenDangNhap`);

--
-- Constraints for table `student_clusters`
--
ALTER TABLE `student_clusters`
  ADD CONSTRAINT `student_clusters_mssv_foreign` FOREIGN KEY (`MSSV`) REFERENCES `sinhvien` (`MSSV`) ON DELETE CASCADE;

--
-- Constraints for table `student_interests`
--
ALTER TABLE `student_interests`
  ADD CONSTRAINT `student_interests_interestid_foreign` FOREIGN KEY (`InterestID`) REFERENCES `interests` (`InterestID`) ON DELETE CASCADE,
  ADD CONSTRAINT `student_interests_mssv_foreign` FOREIGN KEY (`MSSV`) REFERENCES `sinhvien` (`MSSV`) ON DELETE CASCADE;

--
-- Constraints for table `thanh_toan`
--
ALTER TABLE `thanh_toan`
  ADD CONSTRAINT `thanh_toan_mssv_foreign` FOREIGN KEY (`MSSV`) REFERENCES `sinhvien` (`MSSV`);
COMMIT;

/*!40101 SET CHARACTER_SET_CLIENT=@OLD_CHARACTER_SET_CLIENT */;
/*!40101 SET CHARACTER_SET_RESULTS=@OLD_CHARACTER_SET_RESULTS */;
/*!40101 SET COLLATION_CONNECTION=@OLD_COLLATION_CONNECTION */;
